old_path,new_path,status
"/vente/terrain-1-hectare-a-vendre-route-de-tahanaout-marrakech-vue-atlas","/acheter/terrain-1-hectare-a-vendre-route-de-tahanaout-marrakech-vue-atlas",308
"/vente/rez-de-jardin-2-chambres-a-vendre-route-dourika","/acheter/rez-de-jardin-2-chambres-a-vendre-route-dourika",308
"/vente/villa-5-suites-a-vendre-a-noria","/acheter/villa-5-suites-a-vendre-a-noria",308
"/vente/appartement-1-chambre-avec-jardin-a-vendre-atlas-golf-resort","/acheter/appartement-1-chambre-avec-jardin-a-vendre-atlas-golf-resort",308
"/vente/appartement-meuble-2-chambres-a-vendre-a-lhivernage","/acheter/appartement-meuble-2-chambres-a-vendre-a-lhivernage",308
"/vente/appartement-2-chambres-a-vendre-au-coeur-de-gueliz-4","/acheter/appartement-2-chambres-a-vendre-au-coeur-de-gueliz-4",308
"/vente/villa-contemporaine-6-suites-a-vendre-au-golf-kenza-marrakech-vue-atlas","/acheter/villa-contemporaine-6-suites-a-vendre-au-golf-kenza-marrakech-vue-atlas",308
"/vente/villa-semi-finie-a-vendre-avec-sous-sol-a-akenza","/acheter/villa-semi-finie-a-vendre-avec-sous-sol-a-akenza",308
"/vente/villa-3-chambres-lumineuse-a-vendre-sur-route-de-fes","/acheter/villa-3-chambres-lumineuse-a-vendre-sur-route-de-fes",308
"/vente/villa-contemporaine-5-chambres-a-vendre-au-golf-damelkis-marrakech-vue-golf","/acheter/villa-contemporaine-5-chambres-a-vendre-au-golf-damelkis-marrakech-vue-golf",308
"/vente/maison-dhotes-de-prestige-a-vendre-a-targa","/acheter/maison-dhotes-de-prestige-a-vendre-a-targa",308
"/vente/terrain-1-hectare-a-vendre-route-de-fes-marrakech","/acheter/terrain-1-hectare-a-vendre-route-de-fes-marrakech",308
"/vente/villa-neuve-de-prestige-a-vendre-a-lagdal-marrakech","/acheter/villa-neuve-de-prestige-a-vendre-a-lagdal-marrakech",308
"/vente/magnifique-appartement-2-chambres-a-vendre-prestigia-agate","/acheter/magnifique-appartement-2-chambres-a-vendre-prestigia-agate",308
"/vente/magnifique-appartement-meuble-2-chambres-a-vendre-a-prestigia-jade","/acheter/magnifique-appartement-meuble-2-chambres-a-vendre-a-prestigia-jade",308
"/vente/magnifique-studio-meuble-a-vendre-a-gueliz","/acheter/magnifique-studio-meuble-a-vendre-a-gueliz",308
"/vente/appartement-2-chambres-a-vendre-sur-m-avenue","/acheter/appartement-2-chambres-a-vendre-sur-m-avenue",308
"/vente/terrain-a-vendre-route-de-casablanca-marrakech","/acheter/terrain-a-vendre-route-de-casablanca-marrakech",308
"/vente/magnifique-studio-meuble-a-vendre-a-gueliz-marrakech-centre-ville","/acheter/magnifique-studio-meuble-a-vendre-a-gueliz-marrakech-centre-ville",308
"/vente/villa-semi-meublee-a-vendre-route-ouarzazate","/acheter/villa-semi-meublee-a-vendre-route-ouarzazate",308
"/vente/appartement-3-chambres-a-vendre-marrakech-village-boulevard-mohammed-vi","/acheter/appartement-3-chambres-a-vendre-marrakech-village-boulevard-mohammed-vi",308
"/vente/appart-hotel-15-appartements-avec-restaurant-spa-et-rooftop-a-vendre-a-gueliz","/acheter/appart-hotel-15-appartements-avec-restaurant-spa-et-rooftop-a-vendre-a-gueliz",308
"/vente/villa-3-facades-avec-sous-sol-et-rooftop-a-vendre-avenue-mohammed-vi","/acheter/villa-3-facades-avec-sous-sol-et-rooftop-a-vendre-avenue-mohammed-vi",308
"/vente/terrain-dexception-d1-hectare-pour-maison-dhotes-palmeraie","/acheter/terrain-dexception-d1-hectare-pour-maison-dhotes-palmeraie",308
"/vente/lot-de-terrain-r1-a-vendre-avenue-mohammed-vi","/acheter/lot-de-terrain-r1-a-vendre-avenue-mohammed-vi",308
"/vente/appartement-2-chambres-a-vendre-a-marrakech-village","/acheter/appartement-2-chambres-a-vendre-a-marrakech-village",308
"/vente/appartement-3-chambres-avec-terrasse-privative-a-victor-hugo","/acheter/appartement-3-chambres-avec-terrasse-privative-a-victor-hugo",308
"/vente/villa-dexception-6-chambres-a-vendre-route-de-ouarzazate","/acheter/villa-dexception-6-chambres-a-vendre-route-de-ouarzazate",308
"/vente/villa-3-chambres-3-facades-a-vendre-a-prestigia","/acheter/villa-3-chambres-3-facades-a-vendre-a-prestigia",308
"/vente/villa-meublee-5-suites-avec-vna-a-vendre-route-damizmiz","/acheter/villa-meublee-5-suites-avec-vna-a-vendre-route-damizmiz",308
"/vente/villa-5-suites-avec-piscine-chauffee-a-vendre-route-damizmiz","/acheter/villa-5-suites-avec-piscine-chauffee-a-vendre-route-damizmiz",308
"/vente/rez-de-jardin-2-chambres-avec-vue-sur-lac-a-vendre-avenue-mohammed","/acheter/rez-de-jardin-2-chambres-avec-vue-sur-lac-a-vendre-avenue-mohammed",308
"/vente/villa-de-luxe-meublee-5-chambres-3-facades-a-vendre-a-argan-golf-resort","/acheter/villa-de-luxe-meublee-5-chambres-3-facades-a-vendre-a-argan-golf-resort",308
"/vente/appartement-3-chambres-avec-piscine-privee-a-vendre-avenue-mohammed-vi","/acheter/appartement-3-chambres-avec-piscine-privee-a-vendre-avenue-mohammed-vi",308
"/vente/appartement-2-chambres-a-vendre-a-targa-1er-etage","/acheter/appartement-2-chambres-a-vendre-a-targa-1er-etage",308
"/vente/villa-commerciale-neuve-3-suites-a-vendre-route-de-lourika-km-4","/acheter/villa-commerciale-neuve-3-suites-a-vendre-route-de-lourika-km-4",308
"/vente/studio-meuble-a-vendre-a-gueliz-marrakech","/acheter/studio-meuble-a-vendre-a-gueliz-marrakech",308
"/vente/terrain-3-facades-sans-vis-a-vis-a-argan-golf-resort","/acheter/terrain-3-facades-sans-vis-a-vis-a-argan-golf-resort",308
"/vente/lot-de-terrain-front-golf-3-facades-a-vendre-argan-golf-resort","/acheter/lot-de-terrain-front-golf-3-facades-a-vendre-argan-golf-resort",308
"/vente/terrain-3-facades-a-vendre-a-argan-golf-resort","/acheter/terrain-3-facades-a-vendre-a-argan-golf-resort",308
"/vente/terrains-3-facades-a-vendre-a-argan-golf-resort","/acheter/terrains-3-facades-a-vendre-a-argan-golf-resort",308
"/vente/terrains-a-vendre-a-argan-golf-resort-marrakech-front-de-golf","/acheter/terrains-a-vendre-a-argan-golf-resort-marrakech-front-de-golf",308
"/vente/maison-dhotes-style-marocain-5-chambres-a-vendre-a-ghmate-route-de-lourika","/acheter/maison-dhotes-style-marocain-5-chambres-a-vendre-a-ghmate-route-de-lourika",308
"/vente/villa-de-prestige-a-vendre-avenue-mohammed-vi-marrakech-5-suites-piscine-jacuzzi-etvilla-de-prestige-a-vendre-avenue-mohammed-vi-marrakech-5-suites-piscine-jacuzzi-avec-ascens","/acheter/villa-de-prestige-a-vendre-avenue-mohammed-vi-marrakech-5-suites-piscine-jacuzzi-etvilla-de-prestige-a-vendre-avenue-mohammed-vi-marrakech-5-suites-piscine-jacuzzi-avec-ascens",308
"/vente/grand-terrain-a-vendre-dans-la-palmeraie-de-marrakech","/acheter/grand-terrain-a-vendre-dans-la-palmeraie-de-marrakech",308
"/vente/studio-1-chambre-a-vendre-a-prestigia-jubea","/acheter/studio-1-chambre-a-vendre-a-prestigia-jubea",308
"/vente/appartement-2-chambres-a-vendre-avec-piscine-a-prestigia-saphir","/acheter/appartement-2-chambres-a-vendre-avec-piscine-a-prestigia-saphir",308
"/vente/appartement-2-chambres-renove-a-vendre-a-agdal-rez-de-jardin","/acheter/appartement-2-chambres-renove-a-vendre-a-agdal-rez-de-jardin",308
"/vente/appartement-renove-3-chambres-a-vendre-a-la-palmeraie","/acheter/appartement-renove-3-chambres-a-vendre-a-la-palmeraie",308
"/vente/terrains-avec-vna-a-vendre-route-de-ouarzazate-villas-jumelees","/acheter/terrains-avec-vna-a-vendre-route-de-ouarzazate-villas-jumelees",308
"/vente/villa-moderne-4-chambres-avec-piscine-a-vendre-route-de-lourika","/acheter/villa-moderne-4-chambres-avec-piscine-a-vendre-route-de-lourika",308
"/vente/pas-de-porte-a-vendre-au-menara-mall-marrakech-2-magasins-de-84-m%c2%b2","/acheter/pas-de-porte-a-vendre-au-menara-mall-marrakech-2-magasins-de-84-m%c2%b2",308
"/vente/appartement-2-chambres-a-vendre-a-victor-hugo-gueliz","/acheter/appartement-2-chambres-a-vendre-a-victor-hugo-gueliz",308
"/vente/villa-jumelee-neuve-4-chambres-avec-piscine-a-vendre-a-chrifia","/acheter/villa-jumelee-neuve-4-chambres-avec-piscine-a-vendre-a-chrifia",308
"/vente/terrain-titre-a-vendre-a-belaaguid-proche-de-chez-ali-route-de-casa","/acheter/terrain-titre-a-vendre-a-belaaguid-proche-de-chez-ali-route-de-casa",308
"/vente/villa-3-chambres-avec-piscine-a-vendre-sur-la-route-de-fes","/acheter/villa-3-chambres-avec-piscine-a-vendre-sur-la-route-de-fes",308
"/vente/riad-de-charme-5-chambres-a-vendre-a-riad-laarous-medina-de-marrakech","/acheter/riad-de-charme-5-chambres-a-vendre-a-riad-laarous-medina-de-marrakech",308
"/vente/appartement-2-chambres-avec-terrasse-a-vendre-route-de-lourika","/acheter/appartement-2-chambres-avec-terrasse-a-vendre-route-de-lourika",308
"/vente/terrain-agricole-titre-44-hectares-a-vendre-a-tahanaout-route-doukaimeden","/acheter/terrain-agricole-titre-44-hectares-a-vendre-a-tahanaout-route-doukaimeden",308
"/vente/appartement-3-chambres-avec-piscine-a-vendre-a-gueliz-marrakech","/acheter/appartement-3-chambres-avec-piscine-a-vendre-a-gueliz-marrakech",308
"/vente/appartement-1-chambre-a-vendre-a-gueliz-avenue-abdelkrim-el-khattabi","/acheter/appartement-1-chambre-a-vendre-a-gueliz-avenue-abdelkrim-el-khattabi",308
"/vente/riad-renove-3-chambres-a-vendre-a-bab-ghmat-medina-de-marrakech","/acheter/riad-renove-3-chambres-a-vendre-a-bab-ghmat-medina-de-marrakech",308
"/vente/terrain-titre-a-vendre-a-targa-lot-de-villa-dangle-a-marrakech","/acheter/terrain-titre-a-vendre-a-targa-lot-de-villa-dangle-a-marrakech",308
"/vente/appartement-3-chambres-a-vendre-a-camp-el-ghoul","/acheter/appartement-3-chambres-a-vendre-a-camp-el-ghoul",308
"/vente/appartement-1-chambre-a-vendre-a-victor-hugo-marrakech","/acheter/appartement-1-chambre-a-vendre-a-victor-hugo-marrakech",308
"/vente/maison-3-chambres-a-vendre-a-essaouira-a-500-m-de-la-plage","/acheter/maison-3-chambres-a-vendre-a-essaouira-a-500-m-de-la-plage",308
"/vente/investissement-immobilier-terrain-a-vendre-a-gueliz","/acheter/investissement-immobilier-terrain-a-vendre-a-gueliz",308
"/vente/fonds-de-commerce-salon-de-beaute-a-vendre-a-lhivernage","/acheter/fonds-de-commerce-salon-de-beaute-a-vendre-a-lhivernage",308
"/vente/lots-de-terrains-constructibles-a-vendre-sur-la-route-damizmiz","/acheter/lots-de-terrains-constructibles-a-vendre-sur-la-route-damizmiz",308
"/vente/duplex-3-chambres-avec-jardin-a-vendre-a-marrakech","/acheter/duplex-3-chambres-avec-jardin-a-vendre-a-marrakech",308
"/vente/appartement-3-chambres-avec-garage-sur-la-route-dagadir","/acheter/appartement-3-chambres-avec-garage-sur-la-route-dagadir",308
"/vente/villa-contemporaine-4-chambres-a-vendre-a-golf-argan","/acheter/villa-contemporaine-4-chambres-a-vendre-a-golf-argan",308
"/vente/local-commercial-de-142-m%c2%b2-a-vendre-a-gueliz-emplacement-premium-a-marrakech","/acheter/local-commercial-de-142-m%c2%b2-a-vendre-a-gueliz-emplacement-premium-a-marrakech",308
"/vente/villa-contemporaine-neuve-a-vendre-a-essaouira-3-chambres-piscine-a-debordement-et-vue-foret","/acheter/villa-contemporaine-neuve-a-vendre-a-essaouira-3-chambres-piscine-a-debordement-et-vue-foret",308
"/vente/terrains-r1-avec-vna-a-vendre-a-chrifia","/acheter/terrains-r1-avec-vna-a-vendre-a-chrifia",308
"/vente/terrains-avec-vna-a-vendre-a-chrifia-lots-de-525-a-545-m%c2%b2","/acheter/terrains-avec-vna-a-vendre-a-chrifia-lots-de-525-a-545-m%c2%b2",308
"/vente/appartement-1-chambre-a-vendre-au-coeur-de-gueliz","/acheter/appartement-1-chambre-a-vendre-au-coeur-de-gueliz",308
"/vente/lots-de-terrains-titres-pour-villa-a-la-palmeraie-a-partir-de-250-m%c2%b2","/acheter/lots-de-terrains-titres-pour-villa-a-la-palmeraie-a-partir-de-250-m%c2%b2",308
"/vente/appartement-1-chambre-a-vendre-residence-calme-et-espace-vert-proche-av-m6","/acheter/appartement-1-chambre-a-vendre-residence-calme-et-espace-vert-proche-av-m6",308
"/vente/riad-dexception-a-vendre-au-coeur-de-la-medina-dessaouira-avec-galerie-dart-et-vue-mer","/acheter/riad-dexception-a-vendre-au-coeur-de-la-medina-dessaouira-avec-galerie-dart-et-vue-mer",308
"/vente/villa-contemporaine-meublee-a-vendre-sur-la-route-de-fes","/acheter/villa-contemporaine-meublee-a-vendre-sur-la-route-de-fes",308
"/vente/appartement-3-chambres-avec-vue-golf-a-vendre-a-prestigia-saphir","/acheter/appartement-3-chambres-avec-vue-golf-a-vendre-a-prestigia-saphir",308
"/vente/terrain-a-vendre-a-sidi-kaouki-avec-vna-definitive-et-permis-de-construire","/acheter/terrain-a-vendre-a-sidi-kaouki-avec-vna-definitive-et-permis-de-construire",308
"/vente/villa-neuve-avec-vue-mer-a-vendre-a-essaouira-cap-sim","/acheter/villa-neuve-avec-vue-mer-a-vendre-a-essaouira-cap-sim",308
"/vente/magnifique-villa-en-pierre-entierement-renovee-avec-piscine-a-ghazoua-essaouira","/acheter/magnifique-villa-en-pierre-entierement-renovee-avec-piscine-a-ghazoua-essaouira",308
"/vente/riad-de-charme-6-chambres-avec-double-terrasse-a-vendre-a-essaouira","/acheter/riad-de-charme-6-chambres-avec-double-terrasse-a-vendre-a-essaouira",308
"/vente/terrain-3-facades-pour-villa-proche-des-golfs-prestigia-et-noria","/acheter/terrain-3-facades-pour-villa-proche-des-golfs-prestigia-et-noria",308
"/vente/maison-traditionnelle-a-vendre-a-bab-ahmar-vue-jardins-dagdal","/acheter/maison-traditionnelle-a-vendre-a-bab-ahmar-vue-jardins-dagdal",308
"/vente/appartement-2-chambres-a-vendre-au-coeur-de-gueliz-3","/acheter/appartement-2-chambres-a-vendre-au-coeur-de-gueliz-3",308
"/vente/terrain-pour-villa-a-vendre-sur-la-route-damezmiz","/acheter/terrain-pour-villa-a-vendre-sur-la-route-damezmiz",308
"/vente/riad-a-renover-a-vendre-au-coeur-du-quartier-historique-de-la-kasbah","/acheter/riad-a-renover-a-vendre-au-coeur-du-quartier-historique-de-la-kasbah",308
"/vente/appartement-a-vendre-derriere-le-lycee-victor-hugo","/acheter/appartement-a-vendre-derriere-le-lycee-victor-hugo",308
"/vente/villa-contemporaine-5-chambres-a-vendre-a-akenza-golf","/acheter/villa-contemporaine-5-chambres-a-vendre-a-akenza-golf",308
"/vente/appartement-a-vendre-dans-le-quartier-hivernage-a-marrakech","/acheter/appartement-a-vendre-dans-le-quartier-hivernage-a-marrakech",308
"/vente/villa-5-suites-de-luxe-a-vendre-a-amelkis-golf-resort","/acheter/villa-5-suites-de-luxe-a-vendre-a-amelkis-golf-resort",308
"/vente/villa-4-suites-avec-piscine-chauffee-a-vendre-route-damizmiz","/acheter/villa-4-suites-avec-piscine-chauffee-a-vendre-route-damizmiz",308
"/vente/appartement-avec-jardin-a-vendre-a-prestigia-saphir","/acheter/appartement-avec-jardin-a-vendre-a-prestigia-saphir",308
"/vente/local-commercial-pour-restaurant-a-vendre-dans-la-medina-de-marrakech-derb-dabachi","/acheter/local-commercial-pour-restaurant-a-vendre-dans-la-medina-de-marrakech-derb-dabachi",308
"/vente/magnifique-villa-neuve-a-vendre-canal-zaraba","/acheter/magnifique-villa-neuve-a-vendre-canal-zaraba",308
"/vente/terrain-de-550-m%c2%b2-en-angle-a-vendre-au-golf-de-noria","/acheter/terrain-de-550-m%c2%b2-en-angle-a-vendre-au-golf-de-noria",308
"/vente/appartement-de-2-chambres-a-vendre-a-gueliz-avec-piscine-chauffee","/acheter/appartement-de-2-chambres-a-vendre-a-gueliz-avec-piscine-chauffee",308
"/vente/elegant-appartement-1-chambre-a-vendre-a-gueliz","/acheter/elegant-appartement-1-chambre-a-vendre-a-gueliz",308
"/vente/appartement-rez-de-jardin-front-de-golf-prestigia-ambre","/acheter/appartement-rez-de-jardin-front-de-golf-prestigia-ambre",308
"/vente/appartement-2-chambres-a-vendre-au-coeur-de-gueliz-2","/acheter/appartement-2-chambres-a-vendre-au-coeur-de-gueliz-2",308
"/vente/terrain-de-1-hectare-a-vendre-route-de-tahanaout","/acheter/terrain-de-1-hectare-a-vendre-route-de-tahanaout",308
"/vente/appartement-3-chambres-a-vendre-sur-prestigia-agate","/acheter/appartement-3-chambres-a-vendre-sur-prestigia-agate",308
"/vente/rez-de-jardin-dexception-a-vendre-prestigia-saphir","/acheter/rez-de-jardin-dexception-a-vendre-prestigia-saphir",308
"/vente/riad-titre-3-chambres-a-vendre-a-bab-doukkala","/acheter/riad-titre-3-chambres-a-vendre-a-bab-doukkala",308
"/vente/villa-5-suites-a-vendre-domaine-golfique-securise-route-de-lourika","/acheter/villa-5-suites-a-vendre-domaine-golfique-securise-route-de-lourika",308
"/vente/magnifique-villa-5-suites-a-vendre-sur-la-route-de-fes","/acheter/magnifique-villa-5-suites-a-vendre-sur-la-route-de-fes",308
"/vente/villa-dexception-en-front-de-golf-6-chambres-argan-golf-resort","/acheter/villa-dexception-en-front-de-golf-6-chambres-argan-golf-resort",308
"/vente/riad-renove-a-vendre-emplacement-exceptionnel-medina-marrakech","/acheter/riad-renove-a-vendre-emplacement-exceptionnel-medina-marrakech",308
"/vente/appartement-3-chambres-a-vendre-a-lhivernage","/acheter/appartement-3-chambres-a-vendre-a-lhivernage",308
"/vente/villa-meublee-4-suites-a-vendre-1ere-ligne-de-golf","/acheter/villa-meublee-4-suites-a-vendre-1ere-ligne-de-golf",308
"/vente/terrain-de-7-hectares-titre-a-vendre-a-marrakech","/acheter/terrain-de-7-hectares-titre-a-vendre-a-marrakech",308
"/vente/jolie-villa-a-vendre-sur-la-route-de-fes","/acheter/jolie-villa-a-vendre-sur-la-route-de-fes",308
"/vente/villa-de-prestige-plain-pied-en-front-golf-route-de-ouarzazate","/acheter/villa-de-prestige-plain-pied-en-front-golf-route-de-ouarzazate",308
"/vente/magnifique-riad-maison-dhotes-10-suites","/acheter/magnifique-riad-maison-dhotes-10-suites",308
"/vente/spacieux-appartement-avec-piscine-a-lhivernage-proche-menara-mall","/acheter/spacieux-appartement-avec-piscine-a-lhivernage-proche-menara-mall",308
"/vente/studio-moderne-a-vendre-a-noria-residence-avec-piscine","/acheter/studio-moderne-a-vendre-a-noria-residence-avec-piscine",308
"/vente/terrain-premium-ideal-pour-villa-plain-pied-a-vendre-route-damizmiz-2","/acheter/terrain-premium-ideal-pour-villa-plain-pied-a-vendre-route-damizmiz-2",308
"/vente/terrain-premium-ideal-pour-villa-plain-pied-a-vendre-route-damizmiz","/acheter/terrain-premium-ideal-pour-villa-plain-pied-a-vendre-route-damizmiz",308
"/vente/terrain-dexception-avec-vue-golf-proche-morocco-mall-agdal","/acheter/terrain-dexception-avec-vue-golf-proche-morocco-mall-agdal",308
"/vente/villa-jumelee-a-vendre-a-argan-golf-resort","/acheter/villa-jumelee-a-vendre-a-argan-golf-resort",308
"/vente/terrain-premium-vue-atlas-a-vendre-dans-un-golf-dexception-2","/acheter/terrain-premium-vue-atlas-a-vendre-dans-un-golf-dexception-2",308
"/vente/terrain-premium-vue-atlas-a-vendre-dans-un-golf-dexception","/acheter/terrain-premium-vue-atlas-a-vendre-dans-un-golf-dexception",308
"/vente/villa-moderne-dexception-avec-vue-atlas-route-de-lourika","/acheter/villa-moderne-dexception-avec-vue-atlas-route-de-lourika",308
"/vente/appartement-avec-grande-terrasse-vue-piscine-avenue-mohammed-vi","/acheter/appartement-avec-grande-terrasse-vue-piscine-avenue-mohammed-vi",308
"/vente/superbe-appartement-2-chambres-a-vendre-sur-lavenue-mohammed-vi","/acheter/superbe-appartement-2-chambres-a-vendre-sur-lavenue-mohammed-vi",308
"/vente/villa-4-suites-de-standing-a-vendre-a-marrakech","/acheter/villa-4-suites-de-standing-a-vendre-a-marrakech",308
"/vente/appartements-a-vendre-mhamid-bouakkaz-a-partir-de","/acheter/appartements-a-vendre-mhamid-bouakkaz-a-partir-de",308
"/vente/rez-de-jardin-3-chambres-prestigia-topaze-a-vendre","/acheter/rez-de-jardin-3-chambres-prestigia-topaze-a-vendre",308
"/vente/appartement-lumineux-avec-balcon-et-sans-vis-a-vis-gueliz","/acheter/appartement-lumineux-avec-balcon-et-sans-vis-a-vis-gueliz",308
"/vente/appartement-2-chambres-a-vendre-a-gueliz-2","/acheter/appartement-2-chambres-a-vendre-a-gueliz-2",308
"/vente/3-villas-semi-finies-4-chambres-argan-extension","/acheter/3-villas-semi-finies-4-chambres-argan-extension",308
"/vente/terrain-de-300-m%c2%b2-pour-villa-a-vendre-quartier-targa","/acheter/terrain-de-300-m%c2%b2-pour-villa-a-vendre-quartier-targa",308
"/vente/lots-de-terrains-premium-vue-atlas-en-residence-securisee-a-partir-de","/acheter/lots-de-terrains-premium-vue-atlas-en-residence-securisee-a-partir-de",308
"/vente/appartement-elegant-a-vendre-a-prestigia-ambre","/acheter/appartement-elegant-a-vendre-a-prestigia-ambre",308
"/vente/sublime-duplex-a-vendre-atlas-golf-resort","/acheter/sublime-duplex-a-vendre-atlas-golf-resort",308
"/vente/riad-renove-3-suites-a-vendre-bab-doukkala-2","/acheter/riad-renove-3-suites-a-vendre-bab-doukkala-2",308
"/vente/appartement-2-chambres-meuble-au-coeur-de-gueliz","/acheter/appartement-2-chambres-meuble-au-coeur-de-gueliz",308
"/vente/lots-de-terrain-pour-villas-isolees-haut-standing-avec-vue-atlas","/acheter/lots-de-terrain-pour-villas-isolees-haut-standing-avec-vue-atlas",308
"/vente/terrain-constructible-r2-a-deux-facades-a-vendre-pres-du-royal-golf","/acheter/terrain-constructible-r2-a-deux-facades-a-vendre-pres-du-royal-golf",308
"/vente/lot-de-terrain-pour-villa-a-vendre-residence-securisee-a-chrifia","/acheter/lot-de-terrain-pour-villa-a-vendre-residence-securisee-a-chrifia",308
"/vente/appartement-meuble-2-chambres-a-vendre-semlalia","/acheter/appartement-meuble-2-chambres-a-vendre-semlalia",308
"/vente/a-vendre-appartement-exceptionnel-marrakech","/acheter/a-vendre-appartement-exceptionnel-marrakech",308
"/vente/appartement-haut-standing-2-chambres-a-vendre-avenue-mohammed-vi","/acheter/appartement-haut-standing-2-chambres-a-vendre-avenue-mohammed-vi",308
"/vente/riad-de-charme-a-vendre-au-coeur-de-quartier-kennaria","/acheter/riad-de-charme-a-vendre-au-coeur-de-quartier-kennaria",308
"/vente/villa-de-charme-3-chambres-a-vendre-en-residence-securisee-route-de-casa","/acheter/villa-de-charme-3-chambres-a-vendre-en-residence-securisee-route-de-casa",308
"/vente/magnifique-riad-a-renover-kasbah-derb-chtouka","/acheter/magnifique-riad-a-renover-kasbah-derb-chtouka",308
"/vente/villa-dexception-palmeraie-de-marrakech-5-chambres","/acheter/villa-dexception-palmeraie-de-marrakech-5-chambres",308
"/vente/villa-dexception-a-vendre-5-chambres-agdal","/acheter/villa-dexception-a-vendre-5-chambres-agdal",308
"/vente/terrain-sd1-avec-vna-a-vendre-route-de-lourika","/acheter/terrain-sd1-avec-vna-a-vendre-route-de-lourika",308
"/vente/villa-dexception-domaine-golfique-samanah-marrakech","/acheter/villa-dexception-domaine-golfique-samanah-marrakech",308
"/vente/appartement-2-chambre-a-vendre-a-semlalia","/acheter/appartement-2-chambre-a-vendre-a-semlalia",308
"/vente/a-vendre-villa-semi-finie-5-chambres","/acheter/a-vendre-villa-semi-finie-5-chambres",308
"/vente/appartement-de-standing-a-vendre-a-prestigia-ambre","/acheter/appartement-de-standing-a-vendre-a-prestigia-ambre",308
"/vente/duplexe-en-vente-route-de-casablanca","/acheter/duplexe-en-vente-route-de-casablanca",308
"/vente/terrain-a-vendre-prestigia-argan-golf-resort","/acheter/terrain-a-vendre-prestigia-argan-golf-resort",308
"/vente/appartement-a-vendre-a-marrakech-gueliz-78-m%c2%b2-a-1-min-du-marche-des-fleurs","/acheter/appartement-a-vendre-a-marrakech-gueliz-78-m%c2%b2-a-1-min-du-marche-des-fleurs",308
"/vente/villa-semi-finie-de-prestige-a-vendre-atlas-nakhil","/acheter/villa-semi-finie-de-prestige-a-vendre-atlas-nakhil",308
"/vente/superbe-appartement-2-chambres-a-vendre-en-plein-centre-de-gueliz","/acheter/superbe-appartement-2-chambres-a-vendre-en-plein-centre-de-gueliz",308
"/vente/appartement-2-chambres-a-vendre-boulevard-mohamed-6","/acheter/appartement-2-chambres-a-vendre-boulevard-mohamed-6",308
"/vente/villa-traditionnelle-a-vendre-sur-targa","/acheter/villa-traditionnelle-a-vendre-sur-targa",308
"/vente/appartement-vue-sur-golf-et-piscine-a-vendre-prestigia-jade","/acheter/appartement-vue-sur-golf-et-piscine-a-vendre-prestigia-jade",308
"/vente/terrain-premium-pour-2-villas-de-prestige-route-damizmiz","/acheter/terrain-premium-pour-2-villas-de-prestige-route-damizmiz",308
"/vente/villa-5-chambres-a-vendre-a-prestigia","/acheter/villa-5-chambres-a-vendre-a-prestigia",308
"/vente/appartement-haut-standing-a-vendre-a-gueliz-marrakech","/acheter/appartement-haut-standing-a-vendre-a-gueliz-marrakech",308
"/vente/appartement-rez-de-jardin-a-vendre-avenue-mohammed-vi","/acheter/appartement-rez-de-jardin-a-vendre-avenue-mohammed-vi",308
"/vente/opportunite-rare-2-riads-mitoyens-a-renover-kasbah-marrakech","/acheter/opportunite-rare-2-riads-mitoyens-a-renover-kasbah-marrakech",308
"/vente/appartement-2-chambres-a-vendre-a-gueliz","/acheter/appartement-2-chambres-a-vendre-a-gueliz",308
"/vente/appartement-2-chambres-a-vendre-victor-hugo-marrakech","/acheter/appartement-2-chambres-a-vendre-victor-hugo-marrakech",308
"/vente/deux-lots-r5-a-vendre-face-a-la-nouvelle-gare-routiere-azzouzia","/acheter/deux-lots-r5-a-vendre-face-a-la-nouvelle-gare-routiere-azzouzia",308
"/vente/spacieux-appartement-de-1-chambre-a-vendre-a-la-palmeraie","/acheter/spacieux-appartement-de-1-chambre-a-vendre-a-la-palmeraie",308
"/vente/complexe-touristique-avec-piscine-et-studios-chichaoua","/acheter/complexe-touristique-avec-piscine-et-studios-chichaoua",308
"/vente/terrain-villa-3-facades-avec-plan-autorise-opportunite-rare","/acheter/terrain-villa-3-facades-avec-plan-autorise-opportunite-rare",308
"/vente/villa-semi-finie-a-vendre-route-de-fes","/acheter/villa-semi-finie-a-vendre-route-de-fes",308
"/vente/terrain-a-vendre-a-chrifia-projet-villa","/acheter/terrain-a-vendre-a-chrifia-projet-villa",308
"/vente/lot-de-terrain-a-vendre-route-de-casa-marrakech","/acheter/lot-de-terrain-a-vendre-route-de-casa-marrakech",308
"/vente/villa-semi-finie-4-chambres-a-personnaliser-argan-extension","/acheter/villa-semi-finie-4-chambres-a-personnaliser-argan-extension",308
"/vente/terrain-4-facades-a-vendre-a-targa-marrakech-projet-centre-commercial","/acheter/terrain-4-facades-a-vendre-a-targa-marrakech-projet-centre-commercial",308
"/vente/villa-5-suites-a-vendre-route-de-tahanaout","/acheter/villa-5-suites-a-vendre-route-de-tahanaout",308
"/vente/terrain-zone-touristique-zt-a-vendre-route-de-tahnaout","/acheter/terrain-zone-touristique-zt-a-vendre-route-de-tahnaout",308
"/vente/terrain-agricole-a-vendre-route-de-tahnaout","/acheter/terrain-agricole-a-vendre-route-de-tahnaout",308
"/vente/fonds-de-commerce-a-vendre-emplacement-strategique-sidi-ghanem","/acheter/fonds-de-commerce-a-vendre-emplacement-strategique-sidi-ghanem",308
"/vente/fonds-de-commerce-restaurant-rentable-a-vendre-emplacement-strategique","/acheter/fonds-de-commerce-restaurant-rentable-a-vendre-emplacement-strategique",308
"/vente/magnifique-villa-a-vendre-avenue-mohammed-vi","/acheter/magnifique-villa-a-vendre-avenue-mohammed-vi",308
"/vente/maison-dhotes-de-prestige-7-chambres-medina-marrakech","/acheter/maison-dhotes-de-prestige-7-chambres-medina-marrakech",308
"/vente/grand-cafe-a-vendre-a-lhivernage","/acheter/grand-cafe-a-vendre-a-lhivernage",308
"/vente/appartement-dexception-a-vendre-gueliz","/acheter/appartement-dexception-a-vendre-gueliz",308
"/vente/riad-4-chambres-a-vendre-quartier-kasbah-marrakech","/acheter/riad-4-chambres-a-vendre-quartier-kasbah-marrakech",308
"/vente/villa-dexception-4-chambres-a-vendre-boulevard-mohamed-6","/acheter/villa-dexception-4-chambres-a-vendre-boulevard-mohamed-6",308
"/vente/riad-de-charme-5-chambres-au-coeur-de-la-medina-a-vendre","/acheter/riad-de-charme-5-chambres-au-coeur-de-la-medina-a-vendre",308
"/vente/appartement-3-chambres-a-vendre-route-de-casa","/acheter/appartement-3-chambres-a-vendre-route-de-casa",308
"/vente/appartement-a-vendre-route-damezmiz","/acheter/appartement-a-vendre-route-damezmiz",308
"/vente/magnifique-studio-en-rez-de-jardin-a-vendre-fort-potentiel-locatif","/acheter/magnifique-studio-en-rez-de-jardin-a-vendre-fort-potentiel-locatif",308
"/vente/maison-de-ville-a-vendre-au-coeur-de-lhivernage","/acheter/maison-de-ville-a-vendre-au-coeur-de-lhivernage",308
"/vente/lot-de-terrain-pour-villa-a-vendre-route-de-tahanaout","/acheter/lot-de-terrain-pour-villa-a-vendre-route-de-tahanaout",308
"/vente/villa-riad-de-charme-en-residence-securisee-route-de-fes","/acheter/villa-riad-de-charme-en-residence-securisee-route-de-fes",308
"/vente/villa-de-luxe-4-suites-a-vendre-route-de-lourika","/acheter/villa-de-luxe-4-suites-a-vendre-route-de-lourika",308
"/vente/riad-de-charme-entierement-renove-a-vendre-kasbah-marrakech","/acheter/riad-de-charme-entierement-renove-a-vendre-kasbah-marrakech",308
"/vente/magnifique-studio-a-vendre-sur-gueliz","/acheter/magnifique-studio-a-vendre-sur-gueliz",308
"/vente/villa-jumelee-a-vendre-route-de-lourika-4-suites","/acheter/villa-jumelee-a-vendre-route-de-lourika-4-suites",308
"/vente/cafe-restaurant-a-vendre-a-targa-marrakech-complexe-hotelier-emplacement-strategique","/acheter/cafe-restaurant-a-vendre-a-targa-marrakech-complexe-hotelier-emplacement-strategique",308
"/vente/duplex-dexception-a-vendre-residence-securisee-proche-morocco-mall","/acheter/duplex-dexception-a-vendre-residence-securisee-proche-morocco-mall",308
"/vente/villa-neuve-a-vendre-a-akenza-route-de-tahanaout","/acheter/villa-neuve-a-vendre-a-akenza-route-de-tahanaout",308
"/vente/appartement-de-standing-a-vendre-prestigia-marrakech-village","/acheter/appartement-de-standing-a-vendre-prestigia-marrakech-village",308
"/vente/villa-moderne-isolee-avec-vue-atlas-a-vendre-route-de-lourika","/acheter/villa-moderne-isolee-avec-vue-atlas-a-vendre-route-de-lourika",308
"/vente/villa-plain-pieds-a-6min-de-lecole-americaine","/acheter/villa-plain-pieds-a-6min-de-lecole-americaine",308
"/vente/maison-traditionnelle-r3-a-vendre-fort-potentiel-riad","/acheter/maison-traditionnelle-r3-a-vendre-fort-potentiel-riad",308
"/vente/riad-de-charme-au-coeur-de-la-medina-emplacement-premium","/acheter/riad-de-charme-au-coeur-de-la-medina-emplacement-premium",308
"/vente/locaux-commerciaux-a-vendre-au-coeur-de-gueliz","/acheter/locaux-commerciaux-a-vendre-au-coeur-de-gueliz",308
"/vente/villa-4-facades-a-vendre-route-de-ouarzazate","/acheter/villa-4-facades-a-vendre-route-de-ouarzazate",308
"/vente/riad-dexception-a-vendre-emplacement-premium-au-coeur-de-la-medina","/acheter/riad-dexception-a-vendre-emplacement-premium-au-coeur-de-la-medina",308
"/vente/usine-avec-schowroom-a-vendre-quartier-industriel","/acheter/usine-avec-schowroom-a-vendre-quartier-industriel",308
"/vente/superbe-villa-a-vendre-sur-la-route-de-ouarzazate","/acheter/superbe-villa-a-vendre-sur-la-route-de-ouarzazate",308
"/vente/terrain-a-vendre-proche-du-grand-stade-de-marrakech","/acheter/terrain-a-vendre-proche-du-grand-stade-de-marrakech",308
"/vente/hotel-haut-de-gamme-a-vendre-vue-atlas","/acheter/hotel-haut-de-gamme-a-vendre-vue-atlas",308
"/vente/appartement-familial-a-vendre-jnane-awrad","/acheter/appartement-familial-a-vendre-jnane-awrad",308
"/vente/rez-de-jardin-a-vendre-sur-prestigia-opale","/acheter/rez-de-jardin-a-vendre-sur-prestigia-opale",308
"/vente/appartements-modernes-a-vendre-avenue-mohamed-vi","/acheter/appartements-modernes-a-vendre-avenue-mohamed-vi",308
"/vente/villa-moderne-avec-piscine-chauffee-vue-atlas","/acheter/villa-moderne-avec-piscine-chauffee-vue-atlas",308
"/vente/duplex-a-vendre-idealement-situe-a-gueliz","/acheter/duplex-a-vendre-idealement-situe-a-gueliz",308
"/vente/villa-neuve-4-suites-a-vendre-sur-noria-golf","/acheter/villa-neuve-4-suites-a-vendre-sur-noria-golf",308
"/vente/terrain-unique-avec-maison-semi-finie-a-vendre-route-de-lourika","/acheter/terrain-unique-avec-maison-semi-finie-a-vendre-route-de-lourika",308
"/vente/magnifique-villa-a-vendre-a-prestigia-loubane","/acheter/magnifique-villa-a-vendre-a-prestigia-loubane",308
"/vente/2-terrains-pour-projet-residentiel-ou-touristique-a-vendre","/acheter/2-terrains-pour-projet-residentiel-ou-touristique-a-vendre",308
"/vente/lot-de-terrain-de-25-hectare-a-vendre-a-sidi-bou-othmane","/acheter/lot-de-terrain-de-25-hectare-a-vendre-a-sidi-bou-othmane",308
"/vente/lot-de-terrain-15-hectares-a-vendre-a-marrakech","/acheter/lot-de-terrain-15-hectares-a-vendre-a-marrakech",308
"/vente/villa-3-facades-a-vendre-a-argan-golf-resort","/acheter/villa-3-facades-a-vendre-a-argan-golf-resort",308
"/vente/terrain-exceptionnel-pour-4-villas-de-luxe-route-dourika","/acheter/terrain-exceptionnel-pour-4-villas-de-luxe-route-dourika",308
"/vente/local-commercial-ideal-pour-cafe-restaurant-au-coeur-de-targa","/acheter/local-commercial-ideal-pour-cafe-restaurant-au-coeur-de-targa",308
"/vente/superbe-villa-5-suites-sur-la-route-de-tahanouat","/acheter/superbe-villa-5-suites-sur-la-route-de-tahanouat",308
"/vente/terrain-pour-villa-avec-vue-atlas-a-chrifia","/acheter/terrain-pour-villa-avec-vue-atlas-a-chrifia",308
"/vente/terrain-a-vendre-sur-la-route-de-fes","/acheter/terrain-a-vendre-sur-la-route-de-fes",308
"/vente/spacieux-appartement-a-vendre-residence-el-dorado","/acheter/spacieux-appartement-a-vendre-residence-el-dorado",308
"/vente/lots-de-terrains-a-vendre-de-401-m%c2%b2-a-1461-m%c2%b2-a-partir-de","/acheter/lots-de-terrains-a-vendre-de-401-m%c2%b2-a-1461-m%c2%b2-a-partir-de",308
"/vente/appartement-meuble-avec-jacuzzi-au-coeur-de-gueliz","/acheter/appartement-meuble-avec-jacuzzi-au-coeur-de-gueliz",308
"/vente/5-terrains-a-vendre-route-damezmiz-residence-securisee","/acheter/5-terrains-a-vendre-route-damezmiz-residence-securisee",308
"/vente/rez-de-jardin-a-vendre-a-prestigia-ambre","/acheter/rez-de-jardin-a-vendre-a-prestigia-ambre",308
"/vente/belle-villa-5-suites-a-vendre-sur-le-golf-de-noria","/acheter/belle-villa-5-suites-a-vendre-sur-le-golf-de-noria",308
"/vente/appartement-vue-sur-golf-a-vendre-sur-prestigia-saphir","/acheter/appartement-vue-sur-golf-a-vendre-sur-prestigia-saphir",308
"/vente/villa-4-chambres-a-vendre-sur-route-de-casa","/acheter/villa-4-chambres-a-vendre-sur-route-de-casa",308
"/vente/villa-semi-finie-a-vendre-a-argan-golf-resort","/acheter/villa-semi-finie-a-vendre-a-argan-golf-resort",308
"/vente/lot-de-terrain-a-vendre-sur-route-de-casa","/acheter/lot-de-terrain-a-vendre-sur-route-de-casa",308
"/vente/villa-somptueuse-plain-pied-sur-la-route-de-fes","/acheter/villa-somptueuse-plain-pied-sur-la-route-de-fes",308
"/vente/villa-moderne-5-suites-a-vendre-a-amelkis","/acheter/villa-moderne-5-suites-a-vendre-a-amelkis",308
"/vente/villa-7-chambres-a-vendre-route-de-fes","/acheter/villa-7-chambres-a-vendre-route-de-fes",308
"/vente/villa-golfique-de-luxe-a-argan-golf-resort-marrakech","/acheter/villa-golfique-de-luxe-a-argan-golf-resort-marrakech",308
"/vente/lot-de-terrain-a-vendre-route-tahanaout","/acheter/lot-de-terrain-a-vendre-route-tahanaout",308
"/vente/villa-premiere-ligne-de-golf-argan-golf-resort","/acheter/villa-premiere-ligne-de-golf-argan-golf-resort",308
"/vente/appartement-a-vendre-meuble-victor-hugo-marrakech","/acheter/appartement-a-vendre-meuble-victor-hugo-marrakech",308
"/vente/local-commercial-a-vendre-a-gueliz-centre-ville-de-marrakech","/acheter/local-commercial-a-vendre-a-gueliz-centre-ville-de-marrakech",308
"/vente/villa-familiale-en-vente-a-argan-golf-resort","/acheter/villa-familiale-en-vente-a-argan-golf-resort",308
"/vente/villa-de-prestige-a-larchitecture-marocaine-authentique","/acheter/villa-de-prestige-a-larchitecture-marocaine-authentique",308
"/vente/appartement-moderne-meuble-a-vendre-hivernage","/acheter/appartement-moderne-meuble-a-vendre-hivernage",308
"/vente/appartement-2-chambres-spacieux-a-vendre","/acheter/appartement-2-chambres-spacieux-a-vendre",308
"/vente/villa-dhotes-semi-finie-sur-1-hectare-route-de-lourika","/acheter/villa-dhotes-semi-finie-sur-1-hectare-route-de-lourika",308
"/vente/villas-haut-standing-avec-piscine-privee-et-vue-atlas-a-partir-de","/acheter/villas-haut-standing-avec-piscine-privee-et-vue-atlas-a-partir-de",308
"/vente/108316-2","/acheter/108316-2",308
"/vente/duplex-2-chambres-dans-residence-securisee-a-marrakech","/acheter/duplex-2-chambres-dans-residence-securisee-a-marrakech",308
"/vente/moderne-et-cosy-appartement-hivernage","/acheter/moderne-et-cosy-appartement-hivernage",308
"/vente/terrain-exceptionnel-r5-avec-2-sous-sols-majorelle","/acheter/terrain-exceptionnel-r5-avec-2-sous-sols-majorelle",308
"/vente/superbe-rez-de-jardin-a-vendre-vue-piscine","/acheter/superbe-rez-de-jardin-a-vendre-vue-piscine",308
"/vente/terrain-4-facades-a-vendre-route-de-casa-marrakech","/acheter/terrain-4-facades-a-vendre-route-de-casa-marrakech",308
"/vente/terrains-exclusifs-a-vendre-route-damezmiz","/acheter/terrains-exclusifs-a-vendre-route-damezmiz",308
"/vente/terrain-3-facades-a-vendre-pret-a-construire","/acheter/terrain-3-facades-a-vendre-pret-a-construire",308
"/vente/appartement-exclusif-a-vendre-a-victor-hugo","/acheter/appartement-exclusif-a-vendre-a-victor-hugo",308
"/vente/appartement-moderne-a-vendre-a-gueliz-marrakech","/acheter/appartement-moderne-a-vendre-a-gueliz-marrakech",308
"/vente/villa-3-chambres-a-vendre-a-akenza","/acheter/villa-3-chambres-a-vendre-a-akenza",308
"/vente/appartement-a-vendre-a-prestigia-ambre-avec-rooftop-privatif","/acheter/appartement-a-vendre-a-prestigia-ambre-avec-rooftop-privatif",308
"/vente/excellente-affaire-salle-de-sport-spacieuse-a-vendre-a-targa","/acheter/excellente-affaire-salle-de-sport-spacieuse-a-vendre-a-targa",308
"/vente/riad-4-chambres-a-vendre-a-bab-doukkala","/acheter/riad-4-chambres-a-vendre-a-bab-doukkala",308
"/vente/terrain-titre-r2-a-vendre-a-abouab-anakhil-opportunite-a-saisir","/acheter/terrain-titre-r2-a-vendre-a-abouab-anakhil-opportunite-a-saisir",308
"/vente/riad-tout-neuf-de-4-chambres-a-vendre-en-medina","/acheter/riad-tout-neuf-de-4-chambres-a-vendre-en-medina",308
"/vente/terrain-sa2-a-vendre-route-de-fes","/acheter/terrain-sa2-a-vendre-route-de-fes",308
"/vente/spacieux-riad-a-renove-quartier-de-bab-thaghzout","/acheter/spacieux-riad-a-renove-quartier-de-bab-thaghzout",308
"/vente/charmant-appartement-meuble-a-vendre-a-la-palmeraie","/acheter/charmant-appartement-meuble-a-vendre-a-la-palmeraie",308
"/vente/appartement-a-renover-avec-fort-potentiel-hivernage-extension","/acheter/appartement-a-renover-avec-fort-potentiel-hivernage-extension",308
"/vente/lot-de-terrain-r5-a-vendre-au-coeur-de-gueliz","/acheter/lot-de-terrain-r5-a-vendre-au-coeur-de-gueliz",308
"/vente/lot-de-terrain-a-vendre-a-targa","/acheter/lot-de-terrain-a-vendre-a-targa",308
"/vente/terrain-a-vendre-pour-projet-residence","/acheter/terrain-a-vendre-pour-projet-residence",308
"/vente/villa-4-chambres-a-vendre-a-targa","/acheter/villa-4-chambres-a-vendre-a-targa",308
"/vente/villa-3-chambres-a-vendre-a-prestigia-loubane","/acheter/villa-3-chambres-a-vendre-a-prestigia-loubane",308
"/vente/villa-moderne-de-6-suites-avec-terrasse-sur-le-toit-et-piscine-a-vendre-route-de-fes","/acheter/villa-moderne-de-6-suites-avec-terrasse-sur-le-toit-et-piscine-a-vendre-route-de-fes",308
"/vente/villa-de-luxe-a-vendre-boulevard-mohammed-vi","/acheter/villa-de-luxe-a-vendre-boulevard-mohammed-vi",308
"/vente/appartement-3-chambres-a-vendre-sur-prestigia-saphir","/acheter/appartement-3-chambres-a-vendre-sur-prestigia-saphir",308
"/vente/villa-plain-pied-au-sein-dun-resort-golfique","/acheter/villa-plain-pied-au-sein-dun-resort-golfique",308
"/vente/charmante-maison-de-ville-a-semlalia","/acheter/charmante-maison-de-ville-a-semlalia",308
"/vente/appartements-a-vendre-dans-une-residence-securisee-a-partir-de","/acheter/appartements-a-vendre-dans-une-residence-securisee-a-partir-de",308
"/vente/appartements-haut-standing-a-gueliz-a-partir-de","/acheter/appartements-haut-standing-a-gueliz-a-partir-de",308
"/vente/appartements-haut-standing-a-vendre-au-coeur-de-gueliz-a-partir-de","/acheter/appartements-haut-standing-a-vendre-au-coeur-de-gueliz-a-partir-de",308
"/vente/105723-2","/acheter/105723-2",308
"/vente/opportunite-dinvestissement-exceptionnelle-a-marrakech-appartement-1-chambre-entierement-meuble-dans-une-residence-hoteliere-4-etoiles","/acheter/opportunite-dinvestissement-exceptionnelle-a-marrakech-appartement-1-chambre-entierement-meuble-dans-une-residence-hoteliere-4-etoiles",308
"/vente/appartement-de-2-chambres-a-vendre-au-sein-dun-hotel-4-etoiles-a-marrakech","/acheter/appartement-de-2-chambres-a-vendre-au-sein-dun-hotel-4-etoiles-a-marrakech",308
"/vente/riad-melkia-de-2-chambres-dans-la-medina","/acheter/riad-melkia-de-2-chambres-dans-la-medina",308
"/vente/magnifique-appartement-meuble-sans-vis-a-vis-dans-une-residence-haut-de-gamme-a-hivernage","/acheter/magnifique-appartement-meuble-sans-vis-a-vis-dans-une-residence-haut-de-gamme-a-hivernage",308
"/vente/a-saisir-riad-en-fin-de-travaux-de-trois-chambres-et-bassin","/acheter/a-saisir-riad-en-fin-de-travaux-de-trois-chambres-et-bassin",308
"/vente/riad-titre-en-activite-au-centre-historique-dessaouira","/acheter/riad-titre-en-activite-au-centre-historique-dessaouira",308
"/vente/maison-dhotes-a-vendre-6-chambre-titree-bel-emplacement-sur-demande","/acheter/maison-dhotes-a-vendre-6-chambre-titree-bel-emplacement-sur-demande",308
"/vente/superbe-riad-renove-du-18-eme-siecle-a-vendre-au-coeur-de-la-medina","/acheter/superbe-riad-renove-du-18-eme-siecle-a-vendre-au-coeur-de-la-medina",308
"/vente/elegant-appartement-decore-par-un-architecte-dinterieur-au-coeur-de-prestigia","/acheter/elegant-appartement-decore-par-un-architecte-dinterieur-au-coeur-de-prestigia",308
"/vente/un-joyau-architectural-face-aux-montagnes-de-latlas-a-marrakech","/acheter/un-joyau-architectural-face-aux-montagnes-de-latlas-a-marrakech",308
"/vente/a-saisir-riad-titre-a-renover-a-marrakech-avec-acces-voiture-devant","/acheter/a-saisir-riad-titre-a-renover-a-marrakech-avec-acces-voiture-devant",308
"/vente/riad-titre-de-5-chambres-vendu-meuble-equipe-piscine-chauffee","/acheter/riad-titre-de-5-chambres-vendu-meuble-equipe-piscine-chauffee",308
"/vente/appartement-de-prestige-avec-terrasse-et-vue-sur-le-lac","/acheter/appartement-de-prestige-avec-terrasse-et-vue-sur-le-lac",308
"/vente/superbe-maison-dhotes-a-vendre-a-la-campagne","/acheter/superbe-maison-dhotes-a-vendre-a-la-campagne",308
"/vente/villa-contemporaine-de-prestige-a-vendre","/acheter/villa-contemporaine-de-prestige-a-vendre",308
"/vente/villa-contemporaine-de-prestige-sur-domaine-golfique","/acheter/villa-contemporaine-de-prestige-sur-domaine-golfique",308
"/vente/villa-contemporaine-dexception-au-coeur-de-largan-golf-resort","/acheter/villa-contemporaine-dexception-au-coeur-de-largan-golf-resort",308
"/vente/appartement-de-114-m%c2%b2-a-vendre-a-prestigia","/acheter/appartement-de-114-m%c2%b2-a-vendre-a-prestigia",308
"/vente/appartement-meuble-a-vendre-au-coeur-de-victor-hugo","/acheter/appartement-meuble-a-vendre-au-coeur-de-victor-hugo",308
"/vente/villa-moderne-de-4-suites-avec-piscine-a-amelkis","/acheter/villa-moderne-de-4-suites-avec-piscine-a-amelkis",308
"/vente/sublime-riad-a-renover-avec-super-emplacement","/acheter/sublime-riad-a-renover-avec-super-emplacement",308
"/vente/elegante-villa-a-vendre-a-agdal-proche-centre-ville","/acheter/elegante-villa-a-vendre-a-agdal-proche-centre-ville",308
"/vente/villa-dexception-en-front-de-golf-avec-grande-piscine","/acheter/villa-dexception-en-front-de-golf-avec-grande-piscine",308
"/vente/superbe-appartement-renove-de-92-m%c2%b2-a-vendre-marrakech","/acheter/superbe-appartement-renove-de-92-m%c2%b2-a-vendre-marrakech",308
"/vente/appartement-1-chambre-avec-vue-golf-prestigia-marrakech","/acheter/appartement-1-chambre-avec-vue-golf-prestigia-marrakech",308
"/vente/villa-moderne-dans-une-oliveraie-a-15-mn-de-marrakech","/acheter/villa-moderne-dans-une-oliveraie-a-15-mn-de-marrakech",308
"/vente/appartement-de-trois-pieces-en-rez-de-jardin-dans-une-residence-fermee","/acheter/appartement-de-trois-pieces-en-rez-de-jardin-dans-une-residence-fermee",308
"/vente/villa-de-luxe-a-proximite-de-marrakech-dans-un-programme-neuf","/acheter/villa-de-luxe-a-proximite-de-marrakech-dans-un-programme-neuf",308
"/vente/superbe-pied-a-terre-dans-une-residence-securisee-avec-piscine","/acheter/superbe-pied-a-terre-dans-une-residence-securisee-avec-piscine",308
"/vente/superbe-studio-a-vendre","/acheter/superbe-studio-a-vendre",308
"/vente/charmant-appartement-2-chambres-a-targa","/acheter/charmant-appartement-2-chambres-a-targa",308
"/vente/villa-contemporaine-a-vendre-de-5-chambres-dans-marrakech","/acheter/villa-contemporaine-a-vendre-de-5-chambres-dans-marrakech",308
"/vente/villa-4-facades-a-vendre-de-4-chambres-proche-marrakech","/acheter/villa-4-facades-a-vendre-de-4-chambres-proche-marrakech",308
"/vente/appartement-2-chambres-a-vendre-prestigia-jade","/acheter/appartement-2-chambres-a-vendre-prestigia-jade",308
"/vente/appartement-2-chambres-a-vendre-a-victor-hugo","/acheter/appartement-2-chambres-a-vendre-a-victor-hugo",308
"/vente/appartement-2-chambres-a-vendre-au-coeur-de-gueliz","/acheter/appartement-2-chambres-a-vendre-au-coeur-de-gueliz",308
"/vente/villa-de-prestige-a-vendre-argan-golf-resort","/acheter/villa-de-prestige-a-vendre-argan-golf-resort",308
"/vente/villa-a-vendre-a-usage-commerciale-ou-habitation","/acheter/villa-a-vendre-a-usage-commerciale-ou-habitation",308
"/vente/studios-et-appartements-a-vendre-en-cours-de-construction","/acheter/studios-et-appartements-a-vendre-en-cours-de-construction",308
"/vente/a-saisir-riad-renove-5-chambres-kasbah-parfait-pour-louer","/acheter/a-saisir-riad-renove-5-chambres-kasbah-parfait-pour-louer",308
"/vente/riad-aves-deux-piscines-5-chambres-titre-et-classement-maison-dhotes-en-cours","/acheter/riad-aves-deux-piscines-5-chambres-titre-et-classement-maison-dhotes-en-cours",308
"/vente/riad-contemporain-de-3-chambres-et-bassin-avec-superbe-emplacement","/acheter/riad-contemporain-de-3-chambres-et-bassin-avec-superbe-emplacement",308
"/vente/belle-villa-de-6-chambres-a-vendre-a-20-mn-de-marrakech","/acheter/belle-villa-de-6-chambres-a-vendre-a-20-mn-de-marrakech",308
"/vente/riad-vendu-fini-dans-un-excellent-emplacement-avec-vue","/acheter/riad-vendu-fini-dans-un-excellent-emplacement-avec-vue",308
"/vente/magnifique-villa-de-luxe-situee-en-palmeraie-dans-une-une-residence-securisee","/acheter/magnifique-villa-de-luxe-situee-en-palmeraie-dans-une-une-residence-securisee",308
"/vente/a-vendre-riad-villa-de-trois-chambres-en-palmeraie-dans-une-residence-securisee","/acheter/a-vendre-riad-villa-de-trois-chambres-en-palmeraie-dans-une-residence-securisee",308
"/vente/riad-maison-dhotes-de-6-chambres-avec-bel-emplacement","/acheter/riad-maison-dhotes-de-6-chambres-avec-bel-emplacement",308
"/vente/splendide-propriete-de-2-hectares-avec-grande-piscine-et-oliveraie","/acheter/splendide-propriete-de-2-hectares-avec-grande-piscine-et-oliveraie",308
"/vente/tres-beau-terrain-de-15-000-m2-tres-bien-place","/acheter/tres-beau-terrain-de-15-000-m2-tres-bien-place",308
"/vente/appartement-avec-vue-et-emplacement-exceptionnel-a-essaouira","/acheter/appartement-avec-vue-et-emplacement-exceptionnel-a-essaouira",308
"/vente/superbe-villa-ferme-de-5-chambres-avec-vna-et-grande-piscine","/acheter/superbe-villa-ferme-de-5-chambres-avec-vna-et-grande-piscine",308
"/vente/villa-de-charme-de-4-chambres-avec-sa-piscine-et-son-jardin-de-2400-m2","/acheter/villa-de-charme-de-4-chambres-avec-sa-piscine-et-son-jardin-de-2400-m2",308
"/vente/jolie-villa-contemporaine-de-300-m%c2%b2-habitable-avec-piscine-et-jardin-de-1-000-m%c2%b2","/acheter/jolie-villa-contemporaine-de-300-m%c2%b2-habitable-avec-piscine-et-jardin-de-1-000-m%c2%b2",308
"/vente/ravissant-riad-de-5-chambres-avec-superbe-vue","/acheter/ravissant-riad-de-5-chambres-avec-superbe-vue",308
"/vente/magnifique-villa-de-plain-pied-situee-a-moins-de-10-minutes-de-marrakech-dans-une-residence-privee","/acheter/magnifique-villa-de-plain-pied-situee-a-moins-de-10-minutes-de-marrakech-dans-une-residence-privee",308
"/vente/bel-appartement-dans-residence-securisee-avec-piscine-tout-proche-de-marrakech","/acheter/bel-appartement-dans-residence-securisee-avec-piscine-tout-proche-de-marrakech",308
"/vente/grand-riad-de-9-chambres-dans-le-meilleur-quartier-de-marrakech","/acheter/grand-riad-de-9-chambres-dans-le-meilleur-quartier-de-marrakech",308
"/vente/exceptionnelle-propriete-de-7-chambres-en-palmeraie-de-marrakech","/acheter/exceptionnelle-propriete-de-7-chambres-en-palmeraie-de-marrakech",308
"/vente/villa-contemporaine-de-650-m2-avec-belles-prestations","/acheter/villa-contemporaine-de-650-m2-avec-belles-prestations",308
"/vente/villa-titree-avec-vna-a-10-mn-de-sidi-kaouki","/acheter/villa-titree-avec-vna-a-10-mn-de-sidi-kaouki",308
"/vente/villa-de-145-m%c2%b2-habitable-avec-piscine-nichee-dans-un-ecrin-de-verdure","/acheter/villa-de-145-m%c2%b2-habitable-avec-piscine-nichee-dans-un-ecrin-de-verdure",308
"/vente/villa-moderne-de-3-chambres-dans-un-domaine-securise-marrakech-piscine","/acheter/villa-moderne-de-3-chambres-dans-un-domaine-securise-marrakech-piscine",308
"/vente/92270-2","/acheter/92270-2",308
"/vente/belle-villa-de-4-suites-dans-domaine-golfique","/acheter/belle-villa-de-4-suites-dans-domaine-golfique",308
"/vente/bel-appartement-avec-piscine-au-coeur-de-marrakech","/acheter/bel-appartement-avec-piscine-au-coeur-de-marrakech",308
"/vente/riad-de-7-chambres-en-cours-de-titrage-et-dagrement-maison-dhotes","/acheter/riad-de-7-chambres-en-cours-de-titrage-et-dagrement-maison-dhotes",308
"/vente/tres-belle-villa-avec-piscine-dans-un-domaine-a-20-mn-de-marrakech","/acheter/tres-belle-villa-avec-piscine-dans-un-domaine-a-20-mn-de-marrakech",308
"/vente/decouvrez-votre-investissement-de-reve-a-marrakech","/acheter/decouvrez-votre-investissement-de-reve-a-marrakech",308
"/vente/jolie-villa-neuve-dans-un-domaine-route-de-lourika","/acheter/jolie-villa-neuve-dans-un-domaine-route-de-lourika",308
"/vente/villa-neuve-avec-grand-terrain-individuel-a-25-mn-de-marrakech","/acheter/villa-neuve-avec-grand-terrain-individuel-a-25-mn-de-marrakech",308
"/vente/beau-terrain-titre-dun-hectare-en-plein-coeur-de-la-palmeraie","/acheter/beau-terrain-titre-dun-hectare-en-plein-coeur-de-la-palmeraie",308
"/vente/belle-villa-de-3-suites-dans-un-domaine-securise","/acheter/belle-villa-de-3-suites-dans-un-domaine-securise",308
"/vente/agreable-villa-4-chambres-vue-sur-latlas-a-proximite-de-marrakech","/acheter/agreable-villa-4-chambres-vue-sur-latlas-a-proximite-de-marrakech",308
"/vente/maison-de-ville-a-renover-en-medina-dessaouira","/acheter/maison-de-ville-a-renover-en-medina-dessaouira",308
"/vente/charmant-riad-boheme-de-3-chambres-idealement-situe","/acheter/charmant-riad-boheme-de-3-chambres-idealement-situe",308
"/vente/charmant-pied-a-terre-en-centre-ville-de-marrakech","/acheter/charmant-pied-a-terre-en-centre-ville-de-marrakech",308
"/vente/superbe-riad-bohemien-chic-idealement-situe","/acheter/superbe-riad-bohemien-chic-idealement-situe",308
"/vente/charmante-maison-de-campagne-proche-d-essaouira-meuble","/acheter/charmante-maison-de-campagne-proche-d-essaouira-meuble",308
"/vente/maison-de-campagne-de-2-chambres-proche-dessaouira","/acheter/maison-de-campagne-de-2-chambres-proche-dessaouira",308
"/vente/bel-appartement-renove-dans-la-medina-dessaouira","/acheter/bel-appartement-renove-dans-la-medina-dessaouira",308
"/vente/extraordinaire-appartement-a-vendre-en-dernier-etage-en-plein-gueliz","/acheter/extraordinaire-appartement-a-vendre-en-dernier-etage-en-plein-gueliz",308
"/vente/superbe-appartement-de-3-chambres-au-coeur-de-marrakech","/acheter/superbe-appartement-de-3-chambres-au-coeur-de-marrakech",308
"/vente/bel-appartement-de-3-chambres-au-coeur-de-marrakech","/acheter/bel-appartement-de-3-chambres-au-coeur-de-marrakech",308
"/vente/rare-riad-hotel-de-23-chambres-a-vendre-en-medina-de-marrakech","/acheter/rare-riad-hotel-de-23-chambres-a-vendre-en-medina-de-marrakech",308
"/vente/charmante-villa-de-4-chambres-a-proximite-des-golfs","/acheter/charmante-villa-de-4-chambres-a-proximite-des-golfs",308
"/vente/superbe-riad-historique-avec-acces-voiture-direct","/acheter/superbe-riad-historique-avec-acces-voiture-direct",308
"/vente/beau-riad-de-6-chambres-en-fin-de-renovation-superbe-opportunite","/acheter/beau-riad-de-6-chambres-en-fin-de-renovation-superbe-opportunite",308
"/vente/superbe-terrain-de-2-hectares-a-proximite-dessaouira","/acheter/superbe-terrain-de-2-hectares-a-proximite-dessaouira",308
"/vente/restaurant-de-qualite-avec-superbe-emplacement","/acheter/restaurant-de-qualite-avec-superbe-emplacement",308
"/vente/charmante-maison-de-ville-en-medina-dessaouira","/acheter/charmante-maison-de-ville-en-medina-dessaouira",308
"/vente/villa-de-6-suites-avec-vue-superbe-sur-latlas","/acheter/villa-de-6-suites-avec-vue-superbe-sur-latlas",308
"/vente/charmante-villa-de-4-chambres-avec-piscine-dans-residence-neuve","/acheter/charmante-villa-de-4-chambres-avec-piscine-dans-residence-neuve",308
"/vente/belle-villa-neuve-de-4-chambres-avec-piscine","/acheter/belle-villa-neuve-de-4-chambres-avec-piscine",308
"/vente/riad-a-renover-place-des-epices","/acheter/riad-a-renover-place-des-epices",308
"/vente/magnifique","/acheter/magnifique",308
"/vente/villa-de-4-chambres-dans-une-residence-calme-et-securisee","/acheter/villa-de-4-chambres-dans-une-residence-calme-et-securisee",308
"/vente/terrain-titre-a-vendre-en-palmeraie-de-marrakech","/acheter/terrain-titre-a-vendre-en-palmeraie-de-marrakech",308
"/vente/bel-appartement-de-2-chambres-proche-majorelle","/acheter/bel-appartement-de-2-chambres-proche-majorelle",308
"/vente/superbe-boutique-riad-de-7-chambres-idealement-situe","/acheter/superbe-boutique-riad-de-7-chambres-idealement-situe",308
"/vente/riad-de-5-chambres-avec-bassin-en-terrasse-et-bel-emplacement","/acheter/riad-de-5-chambres-avec-bassin-en-terrasse-et-bel-emplacement",308
"/vente/terrain-a-vendre-en-palmeraie-de-marrakech","/acheter/terrain-a-vendre-en-palmeraie-de-marrakech",308
"/vente/exceptionnel-ecolodge-de-11-suites-a-vendre-en-palmeraie-de-marrakech","/acheter/exceptionnel-ecolodge-de-11-suites-a-vendre-en-palmeraie-de-marrakech",308
"/vente/rare-terrain-en-premier-rang-sur-locean","/acheter/rare-terrain-en-premier-rang-sur-locean",308
"/vente/beau-terrain-titre-proche-du-golf-damelkis","/acheter/beau-terrain-titre-proche-du-golf-damelkis",308
"/vente/charmante-maison-de-campagne-de-8-chambres-proche-des-golfs","/acheter/charmante-maison-de-campagne-de-8-chambres-proche-des-golfs",308
"/vente/belle-villa-de-4-chambres-dans-un-domaine-prive-2","/acheter/belle-villa-de-4-chambres-dans-un-domaine-prive-2",308
"/vente/a-vendre-villa-semi-finie-sur-golf-avec-travaux-sur-mesure-2","/acheter/a-vendre-villa-semi-finie-sur-golf-avec-travaux-sur-mesure-2",308
"/vente/propriete-de-prestige-de-9-suites-a-proximite-des-golfs","/acheter/propriete-de-prestige-de-9-suites-a-proximite-des-golfs",308
"/vente/beau-riad-historique-de-4-suites-idealement-situe","/acheter/beau-riad-historique-de-4-suites-idealement-situe",308
"/vente/riad-maison-dhotes-de-7-chambres-avec-bel-emplacement","/acheter/riad-maison-dhotes-de-7-chambres-avec-bel-emplacement",308
"/vente/belle-maison-de-4-chambres-dans-residence-proche-des-ecoles-francaise-et-britannique","/acheter/belle-maison-de-4-chambres-dans-residence-proche-des-ecoles-francaise-et-britannique",308
"/vente/belle-villa-classique-de-4-suites-proche-centre-ville","/acheter/belle-villa-classique-de-4-suites-proche-centre-ville",308
"/vente/charmante-villa-de-4-chambres-en-centre-ville","/acheter/charmante-villa-de-4-chambres-en-centre-ville",308
"/vente/charmant-riad-de-5-chambres-idealement-situe-dans-marrakech","/acheter/charmant-riad-de-5-chambres-idealement-situe-dans-marrakech",308
"/vente/charmante-propriete-au-pied-de-latlas","/acheter/charmante-propriete-au-pied-de-latlas",308
"/vente/belle-villa-moderne-de-5-chambres-proche-des-golfs","/acheter/belle-villa-moderne-de-5-chambres-proche-des-golfs",308
"/vente/belle-villa-riad-de-5-chambres-a-oualidia","/acheter/belle-villa-riad-de-5-chambres-a-oualidia",308
"/vente/superbe-terrain-de-2-hectares","/acheter/superbe-terrain-de-2-hectares",308
"/vente/superbe-villa-contemporaine-de-4-chambres-a-la-vente","/acheter/superbe-villa-contemporaine-de-4-chambres-a-la-vente",308
"/vente/superbe-villa-classique-de-5-chambres-a-vendre-a-proximite-de-marrakech","/acheter/superbe-villa-classique-de-5-chambres-a-vendre-a-proximite-de-marrakech",308
"/vente/charmante-villa-de-4-chambres-dans-un-domaine-securise","/acheter/charmante-villa-de-4-chambres-dans-un-domaine-securise",308
"/vente/villa-5-chambres-a-vendre-sur-golf-proche-marrakech","/acheter/villa-5-chambres-a-vendre-sur-golf-proche-marrakech",308
"/vente/villa-de-luxe-de-4-chambres-dans-domaine-golfique","/acheter/villa-de-luxe-de-4-chambres-dans-domaine-golfique",308
"/vente/terrain-avec-villa-du-protectorat-ideal-pour-projet-commercial","/acheter/terrain-avec-villa-du-protectorat-ideal-pour-projet-commercial",308
"/vente/petit-riad-a-renover-et-titrer-bel-emplacement","/acheter/petit-riad-a-renover-et-titrer-bel-emplacement",308
"/vente/riad-hotel-exceptionnel-de-18-chambres","/acheter/riad-hotel-exceptionnel-de-18-chambres",308
"/vente/maison-de-ville-a-redevelopper-au-coeur-de-marrakech","/acheter/maison-de-ville-a-redevelopper-au-coeur-de-marrakech",308
"/vente/belle-villa-moderne-de-5-chambres-aux-portes-de-marrakech","/acheter/belle-villa-moderne-de-5-chambres-aux-portes-de-marrakech",308
"/vente/luxueuse-villa-de-5-suite-en-premiere-ligne-de-golf","/acheter/luxueuse-villa-de-5-suite-en-premiere-ligne-de-golf",308
"/vente/superbe-penthouse-de-3-chambres-au-coeur-de-gueliz","/acheter/superbe-penthouse-de-3-chambres-au-coeur-de-gueliz",308
"/vente/exceptionnel-appartement-avec-piscine-dans-lhivernage","/acheter/exceptionnel-appartement-avec-piscine-dans-lhivernage",308
"/vente/ravissant-double-appartement-de-6-chambres-avec-terrasses","/acheter/ravissant-double-appartement-de-6-chambres-avec-terrasses",308
"/vente/villa-dhotes-de-11-chambres-au-coeur-de-marrakech","/acheter/villa-dhotes-de-11-chambres-au-coeur-de-marrakech",308
"/vente/bel-appartement-de-2-chambres-dans-residence-hoteliere","/acheter/bel-appartement-de-2-chambres-dans-residence-hoteliere",308
"/vente/belle-villa-de-3-chambres-dans-un-domaine-golfique","/acheter/belle-villa-de-3-chambres-dans-un-domaine-golfique",308
"/vente/petite-villa-avec-piscine-dans-domaine-prive","/acheter/petite-villa-avec-piscine-dans-domaine-prive",308
"/vente/superbe-terrain-titre-de-2-hectares-aux-portes-de-marrakech","/acheter/superbe-terrain-titre-de-2-hectares-aux-portes-de-marrakech",308
"/vente/belle-villa-de-7-chambres-sur-1-hectare-a-marrakech","/acheter/belle-villa-de-7-chambres-sur-1-hectare-a-marrakech",308
"/vente/maison-de-ville-de-4-chambres-a-saisir","/acheter/maison-de-ville-de-4-chambres-a-saisir",308
"/vente/bel-appartement-de-2-chambres-avec-superbe-emplacement","/acheter/bel-appartement-de-2-chambres-avec-superbe-emplacement",308
"/vente/petite-villa-du-protectorat-a-renover-dans-lhivernage","/acheter/petite-villa-du-protectorat-a-renover-dans-lhivernage",308
"/vente/terrain-a-batir-de-2-000-m2-en-palmeraie","/acheter/terrain-a-batir-de-2-000-m2-en-palmeraie",308
"/vente/riad-maison-dhotes-de-8-chambres-a-vendre-en-medina-2","/acheter/riad-maison-dhotes-de-8-chambres-a-vendre-en-medina-2",308
"/vente/riad-a-renover-avec-tres-bel-emplacement","/acheter/riad-a-renover-avec-tres-bel-emplacement",308
"/vente/elegant-boutique-hotel-de-11-suites-en-palmeraie","/acheter/elegant-boutique-hotel-de-11-suites-en-palmeraie",308
"/vente/exceptionnelle-propriete-commerciale-pieds-dans-leau","/acheter/exceptionnelle-propriete-commerciale-pieds-dans-leau",308
"/vente/charmant-hotel-avec-vue-mer-a-vendre-au-sud-dessaouira","/acheter/charmant-hotel-avec-vue-mer-a-vendre-au-sud-dessaouira",308
"/vente/villa-de-luxe-a-vendre-en-premier-rang-sur-un-parcours-de-golf-prestigieux-a-marrakech","/acheter/villa-de-luxe-a-vendre-en-premier-rang-sur-un-parcours-de-golf-prestigieux-a-marrakech",308
"/vente/charmant-riad-de-5-chambres-proche-de-dar-el-bacha","/acheter/charmant-riad-de-5-chambres-proche-de-dar-el-bacha",308
"/vente/vaste-riad-historique-en-medina-superbe-potentiel","/acheter/vaste-riad-historique-en-medina-superbe-potentiel",308
"/vente/belle-villa-de-4-chambres-dans-un-domaine-prive","/acheter/belle-villa-de-4-chambres-dans-un-domaine-prive",308
"/vente/elegant-boutique-riad-de-5-chambres-idealement-situe","/acheter/elegant-boutique-riad-de-5-chambres-idealement-situe",308
"/vente/luxueuse-villa-contemporaine-de-5-chambres-en-palmeraie","/acheter/luxueuse-villa-contemporaine-de-5-chambres-en-palmeraie",308
"/vente/superbe-propriete-contemporaine-de-8-chambres-a-proximite-de-marrakech","/acheter/superbe-propriete-contemporaine-de-8-chambres-a-proximite-de-marrakech",308
"/vente/elegant-ecolodge-de-10-chambres-a-1-heure-de-marrakech","/acheter/elegant-ecolodge-de-10-chambres-a-1-heure-de-marrakech",308
"/vente/agreable-villa-de-5-chambres-au-coeur-de-marrakech","/acheter/agreable-villa-de-5-chambres-au-coeur-de-marrakech",308
"/vente/exceptionnel-terrain-en-vente-en-palmeraie-de-marrakech","/acheter/exceptionnel-terrain-en-vente-en-palmeraie-de-marrakech",308
"/vente/charmant-riad-renove-de-5-chambres-avec-emplacement-exceptionnel","/acheter/charmant-riad-renove-de-5-chambres-avec-emplacement-exceptionnel",308
"/vente/majestueux-riad-a-renover-avec-acces-voiture-proche","/acheter/majestueux-riad-a-renover-avec-acces-voiture-proche",308
"/vente/belle-villa-completement-renovee-en-ville","/acheter/belle-villa-completement-renovee-en-ville",308
"/vente/riad-renove-avec-vue-mer-exceptionnelle","/acheter/riad-renove-avec-vue-mer-exceptionnelle",308
"/vente/elegant-riad-de-6-chambres-avec-emplacement-exceptionnel","/acheter/elegant-riad-de-6-chambres-avec-emplacement-exceptionnel",308
"/vente/elegant-boutique-riad-de-5-suites-au-coeur-de-la-medina","/acheter/elegant-boutique-riad-de-5-suites-au-coeur-de-la-medina",308
"/vente/appartement-raffine-de-3-chambres-au-coeur-de-marrakech","/acheter/appartement-raffine-de-3-chambres-au-coeur-de-marrakech",308
"/vente/bel-appartement-avec-piscine-a-vendre-dans-le-centre-ville","/acheter/bel-appartement-avec-piscine-a-vendre-dans-le-centre-ville",308
"/vente/charmant-riad-de-4-chambres-avec-vue-mer","/acheter/charmant-riad-de-4-chambres-avec-vue-mer",308
"/vente/ravissante-ferme-renovee-de-4-chambres-au-sud-dessoauira","/acheter/ravissante-ferme-renovee-de-4-chambres-au-sud-dessoauira",308
"/vente/appartement-de-2-chambres-face-au-lycee-francais","/acheter/appartement-de-2-chambres-face-au-lycee-francais",308
"/vente/luxueux-appartement-de-3-chambres-a-vendre-au-coeur-du-quartier-gueliz-a-marrakech","/acheter/luxueux-appartement-de-3-chambres-a-vendre-au-coeur-du-quartier-gueliz-a-marrakech",308
"/vente/vaste-riad-a-renover-au-coeur-de-la-medina","/acheter/vaste-riad-a-renover-au-coeur-de-la-medina",308
"/vente/villa-de-4-chambres-a-vendre-dans-jolie-residence-avec-piscine","/acheter/villa-de-4-chambres-a-vendre-dans-jolie-residence-avec-piscine",308
"/vente/bel-appartement-de-2-chambres-dans-une-residence-avec-piscine-et-tennis","/acheter/bel-appartement-de-2-chambres-dans-une-residence-avec-piscine-et-tennis",308
"/vente/bel-appartement-neuf-de-2-chambres-a-proximite-du-lycee-francais","/acheter/bel-appartement-neuf-de-2-chambres-a-proximite-du-lycee-francais",308
"/vente/lumineux-duplex-de-3-chambres-a-vendre-a-proximite-du-centre-de-marrakech","/acheter/lumineux-duplex-de-3-chambres-a-vendre-a-proximite-du-centre-de-marrakech",308
"/vente/bel-appartement-de-3-chambres-a-vendre-a-proximite-de-marrakech","/acheter/bel-appartement-de-3-chambres-a-vendre-a-proximite-de-marrakech",308
"/vente/belle-villa-de-3-chambres-a-vendre-dans-un-domaine-golfique","/acheter/belle-villa-de-3-chambres-a-vendre-dans-un-domaine-golfique",308
"/vente/elegant-riad-maison-dhotes-de-12-chambres-idealement-situe-en-medina","/acheter/elegant-riad-maison-dhotes-de-12-chambres-idealement-situe-en-medina",308
"/vente/charmante-boutique-en-etage-avec-terrasse-idealement-situee","/acheter/charmante-boutique-en-etage-avec-terrasse-idealement-situee",308
"/vente/rare-propriete-avec-vue-exceptionnelle-sur-locean","/acheter/rare-propriete-avec-vue-exceptionnelle-sur-locean",308
"/vente/superbe-terrain-de-3-hectares-a-vendre-au-nord-dessaouira","/acheter/superbe-terrain-de-3-hectares-a-vendre-au-nord-dessaouira",308
"/vente/beau-terrain-de-1-5-hectares-a-vendre-au-nord-dessaouira","/acheter/beau-terrain-de-1-5-hectares-a-vendre-au-nord-dessaouira",308
"/vente/rare-terrain-de-11-hectares-a-vendre-au-nord-dessaouira","/acheter/rare-terrain-de-11-hectares-a-vendre-au-nord-dessaouira",308
"/vente/restaurant-repute-a-vendre-en-centre-ville-de-marrakech","/acheter/restaurant-repute-a-vendre-en-centre-ville-de-marrakech",308
"/vente/ecolodge-de-12-chambres-a-vendre-dans-la-chaine-de-latlas","/acheter/ecolodge-de-12-chambres-a-vendre-dans-la-chaine-de-latlas",308
"/vente/riad-maison-dhotes-de-26-chambres-a-vendre-dans-un-quartier-touristique","/acheter/riad-maison-dhotes-de-26-chambres-a-vendre-dans-un-quartier-touristique",308
"/vente/charmante-maison-moderne-a-vendre-a-8-km-dessaouira","/acheter/charmante-maison-moderne-a-vendre-a-8-km-dessaouira",308
"/vente/charmante-maison-a-vendre-a-8-km-dessaouira","/acheter/charmante-maison-a-vendre-a-8-km-dessaouira",308
"/vente/exceptionnel-riad-hotel-de-15-chambres-avec-vue-mer","/acheter/exceptionnel-riad-hotel-de-15-chambres-avec-vue-mer",308
"/vente/belle-villa-dhotes-de-12-chambres-avec-excellent-emplacement","/acheter/belle-villa-dhotes-de-12-chambres-avec-excellent-emplacement",308
"/vente/villa-de-prestige-a-vendre-a-proximite-de-marrakech","/acheter/villa-de-prestige-a-vendre-a-proximite-de-marrakech",308
"/vente/vaste-terrain-titre-constructible-en-palmeraie","/acheter/vaste-terrain-titre-constructible-en-palmeraie",308
"/vente/superbe-villa-de-4-chambres-a-vendre-dans-un-secteur-recherche-a-essaouira","/acheter/superbe-villa-de-4-chambres-a-vendre-dans-un-secteur-recherche-a-essaouira",308
"/vente/imposante-villa-sur-un-hectare-a-vendre-a-proximite-de-marrakech","/acheter/imposante-villa-sur-un-hectare-a-vendre-a-proximite-de-marrakech",308
"/vente/charmante-maison-de-village-a-vendre-aux-portes-de-marrakech","/acheter/charmante-maison-de-village-a-vendre-aux-portes-de-marrakech",308
"/vente/luxueuse-villa-a-vendre-dans-un-domaine-golfique-prestigieux","/acheter/luxueuse-villa-a-vendre-dans-un-domaine-golfique-prestigieux",308
"/vente/superbe-duplex-meuble-a-vendre-a-proximite-de-marrakech","/acheter/superbe-duplex-meuble-a-vendre-a-proximite-de-marrakech",308
"/vente/superbe-terrain-d1-hectare-avec-plan-autorise-de-construction","/acheter/superbe-terrain-d1-hectare-avec-plan-autorise-de-construction",308
"/vente/superbe-riad-contemporain-de-6-chambres-a-vendre-dans-un-excellent-quartier","/acheter/superbe-riad-contemporain-de-6-chambres-a-vendre-dans-un-excellent-quartier",308
"/vente/a-vendre-beau-duplex-de-239-m2-a-gueliz","/acheter/a-vendre-beau-duplex-de-239-m2-a-gueliz",308
"/vente/exceptionnel-palais-dhotes-idealement-situe-superbe-opportunite-dinvestissement","/acheter/exceptionnel-palais-dhotes-idealement-situe-superbe-opportunite-dinvestissement",308
"/vente/maison-dhotes-de-9-chambres-a-8-km-dessaouira","/acheter/maison-dhotes-de-9-chambres-a-8-km-dessaouira",308
"/vente/riad-renove-de-3-chambres-a-essaouira-avec-vue-mer-imprenable","/acheter/riad-renove-de-3-chambres-a-essaouira-avec-vue-mer-imprenable",308
"/vente/vaste-ecolodge-a-vendre-a-proximite-de-marrakech-rare-sur-le-marche","/acheter/vaste-ecolodge-a-vendre-a-proximite-de-marrakech-rare-sur-le-marche",308
"/vente/duplex-de-3-chambres-avec-emplacement-unique","/acheter/duplex-de-3-chambres-avec-emplacement-unique",308
"/vente/superbe-potentiel-et-emplacement-ideal-pour-ce-charmant-riad-a-renover","/acheter/superbe-potentiel-et-emplacement-ideal-pour-ce-charmant-riad-a-renover",308
"/vente/charmant-ecolodge-sur-3-hectares-a-vendre-a-marrakech","/acheter/charmant-ecolodge-sur-3-hectares-a-vendre-a-marrakech",308
"/vente/riad-historique-avec-superbe-emplacement-en-medina-de-marrakech","/acheter/riad-historique-avec-superbe-emplacement-en-medina-de-marrakech",308
"/vente/vaste-riad-avec-vue-mer-a-renover-superbe-potentiel","/acheter/vaste-riad-avec-vue-mer-a-renover-superbe-potentiel",308
"/vente/riad-familial-de-charme-4-chambres-tres-bien-situe","/acheter/riad-familial-de-charme-4-chambres-tres-bien-situe",308
"/vente/riad-showroom-avec-emplacement-de-premier-ordre-en-medina","/acheter/riad-showroom-avec-emplacement-de-premier-ordre-en-medina",308
"/vente/exceptionnel-riad-palais-de-12-chambres-a-la-vente-en-medina","/acheter/exceptionnel-riad-palais-de-12-chambres-a-la-vente-en-medina",308
"/vente/exceptionnel-emplacement-pour-ce-riad-exploite-en-restaurant-touristique","/acheter/exceptionnel-emplacement-pour-ce-riad-exploite-en-restaurant-touristique",308
"/vente/exceptionnel-hotel-de-luxe-de-12-suites-en-front-de-mer-a-vendre-de-facon-confidentielle-a-essaouira","/acheter/exceptionnel-hotel-de-luxe-de-12-suites-en-front-de-mer-a-vendre-de-facon-confidentielle-a-essaouira",308
"/vente/charmante-maison-moderne-de-style-beldi-a-seulement-8-km-dessaouira","/acheter/charmante-maison-moderne-de-style-beldi-a-seulement-8-km-dessaouira",308
"/vente/villa-contemporaine-de-prestige-a-vendre-a-proximite-de-marrakech","/acheter/villa-contemporaine-de-prestige-a-vendre-a-proximite-de-marrakech",308
"/vente/belle-maison-contemporaine-a-16-km-dessaouira","/acheter/belle-maison-contemporaine-a-16-km-dessaouira",308
"/vente/magnifique-maison-dhote-a-vendre-a-900-m-de-la-plage","/acheter/magnifique-maison-dhote-a-vendre-a-900-m-de-la-plage",308
"/vente/a-vendre-terrain-titre-de-1000-m2-sur-la-route-damizmiz","/acheter/a-vendre-terrain-titre-de-1000-m2-sur-la-route-damizmiz",308
"/vente/a-vendre-villa-de-4-chambres-a-proximite-de-prestigieux-golfs","/acheter/a-vendre-villa-de-4-chambres-a-proximite-de-prestigieux-golfs",308
"/vente/riad-de-80-m2-a-embellir-en-medina-dessaouira","/acheter/riad-de-80-m2-a-embellir-en-medina-dessaouira",308
"/vente/a-vendre-terrain-de-4-h-sur-la-route-de-fes","/acheter/a-vendre-terrain-de-4-h-sur-la-route-de-fes",308
"/vente/a-vendre-tres-belle-villa-a-moins-de-10-mn-de-centre-ville","/acheter/a-vendre-tres-belle-villa-a-moins-de-10-mn-de-centre-ville",308
"/vente/villa-riad-a-vendre-dans-un-beau-domaine-securise","/acheter/villa-riad-a-vendre-dans-un-beau-domaine-securise",308
"/vente/beau-riad-a-renover-a-vendre-dans-un-quartier-tres-recherche","/acheter/beau-riad-a-renover-a-vendre-dans-un-quartier-tres-recherche",308
"/vente/elegant-riad-de-5-chambres-avec-emplacement-de-premier-ordre","/acheter/elegant-riad-de-5-chambres-avec-emplacement-de-premier-ordre",308
"/vente/riad-de-4-chambres-en-cours-dachevement-bel-emplacement-2","/acheter/riad-de-4-chambres-en-cours-dachevement-bel-emplacement-2",308
"/vente/charmante-villa-de-6-chambres-dans-un-domaine-securise","/acheter/charmante-villa-de-6-chambres-dans-un-domaine-securise",308
"/vente/spa-en-activite-en-centre-ville","/acheter/spa-en-activite-en-centre-ville",308
"/vente/magnifique-villa-de-6-chambres-en-premiere-ligne-dun-golf","/acheter/magnifique-villa-de-6-chambres-en-premiere-ligne-dun-golf",308
"/vente/local-commercial-a-vendre-au-coeur-de-gueliz","/acheter/local-commercial-a-vendre-au-coeur-de-gueliz",308
"/vente/rare-terrain-a-vendre-dans-le-domaine-amelkis","/acheter/rare-terrain-a-vendre-dans-le-domaine-amelkis",308
"/vente/superbe-riad-a-vendre-a-proximite-immediate-de-la-place-jemaa-el-fna","/acheter/superbe-riad-a-vendre-a-proximite-immediate-de-la-place-jemaa-el-fna",308
"/vente/charmant-riad-avec-vue-sur-locean-a-vendre-a-essaouira","/acheter/charmant-riad-avec-vue-sur-locean-a-vendre-a-essaouira",308
"/vente/superbe-riad-de-5-chambres-avec-piscine-chauffee-et-acces-voiture","/acheter/superbe-riad-de-5-chambres-avec-piscine-chauffee-et-acces-voiture",308
"/vente/terrain-palmeraie-avec-vna","/acheter/terrain-palmeraie-avec-vna",308
"/vente/belle-villa-de-5-chambres-a-vendre-a-marrakech","/acheter/belle-villa-de-5-chambres-a-vendre-a-marrakech",308
"/vente/appartement-de-3-chambres-a-proximite-du-lycee-francais-de-marrakech","/acheter/appartement-de-3-chambres-a-proximite-du-lycee-francais-de-marrakech",308
"/vente/superbe-propriete-avec-belle-vue-sur-latlas","/acheter/superbe-propriete-avec-belle-vue-sur-latlas",308
"/vente/elegant-riad-de-4-suites-avec-superbe-emplacement","/acheter/elegant-riad-de-4-suites-avec-superbe-emplacement",308
"/vente/appartement-prestige","/acheter/appartement-prestige",308
"/vente/palmeraie","/acheter/palmeraie",308
"/vente/maison-dhotes-2","/acheter/maison-dhotes-2",308
"/vente/villa-4-chambres","/acheter/villa-4-chambres",308
"/vente/quelle-architecture-pour-cette-villa","/acheter/quelle-architecture-pour-cette-villa",308
"/vente/superbe-riad-maison-dhotes-de-5-chambres-avec-emplacement-privilegie","/acheter/superbe-riad-maison-dhotes-de-5-chambres-avec-emplacement-privilegie",308
"/vente/belle-villa-de-4-chambres-a-vendre-a-proximite-des-golfs","/acheter/belle-villa-de-4-chambres-a-vendre-a-proximite-des-golfs",308
"/vente/superbe-appartement-terrasse-avec-vue-mer-exceptionnelle","/acheter/superbe-appartement-terrasse-avec-vue-mer-exceptionnelle",308
"/vente/superbe-riad-a-renover-avec-emplacement","/acheter/superbe-riad-a-renover-avec-emplacement",308
"/vente/charmante-maison-beldi-de-3-chambres-a-25-km-de-marrakech","/acheter/charmante-maison-beldi-de-3-chambres-a-25-km-de-marrakech",308
"/vente/villa-riad-de-3-chambres-a-vendre-dans-un-domaine-securise","/acheter/villa-riad-de-3-chambres-a-vendre-dans-un-domaine-securise",308
"/vente/villa-in-quiet-palms-area","/acheter/villa-in-quiet-palms-area",308
"/vente/appartement-lumineux-de-2-chambres-au-coeur-de-gueliz","/acheter/appartement-lumineux-de-2-chambres-au-coeur-de-gueliz",308
"/vente/superbe-riad-titre-a-marrakech-en-partie-renove-super-potentiel","/acheter/superbe-riad-titre-a-marrakech-en-partie-renove-super-potentiel",308
"/vente/originale-villa-darchitecte-de-6-chambres-en-palmeraie","/acheter/originale-villa-darchitecte-de-6-chambres-en-palmeraie",308
"/vente/belle-villa-de-4-chambres-dans-domaine-golfique","/acheter/belle-villa-de-4-chambres-dans-domaine-golfique",308
"/vente/charmante-villa-de-3-chambres-dans-un-domaine-prive","/acheter/charmante-villa-de-3-chambres-dans-un-domaine-prive",308
"/vente/exceptionnel-riad-avec-jardin-et-superbe-emplacement","/acheter/exceptionnel-riad-avec-jardin-et-superbe-emplacement",308
"/vente/superbe-villa-de-6-chambres-a-quelques-minutes-du-centre-de-marrakech","/acheter/superbe-villa-de-6-chambres-a-quelques-minutes-du-centre-de-marrakech",308
"/vente/maison-de-villa-de-style-berbere-proche-de-marrakech","/acheter/maison-de-villa-de-style-berbere-proche-de-marrakech",308
"/vente/maison-de-ville-avec-piscine-idealement-situee","/acheter/maison-de-ville-avec-piscine-idealement-situee",308
"/vente/belle-villa-moderne-de-4-chambres-dans-un-domaine-securise","/acheter/belle-villa-moderne-de-4-chambres-dans-un-domaine-securise",308
"/vente/superbe-riad-de-5-chambres-avec-bel-emplacement","/acheter/superbe-riad-de-5-chambres-avec-bel-emplacement",308
"/vente/belle-opportunite-pour-cette-maison-dhotes-de-12-chambres","/acheter/belle-opportunite-pour-cette-maison-dhotes-de-12-chambres",308
"/vente/terrain-en-ventre-en-palmeraie-de-marrakech","/acheter/terrain-en-ventre-en-palmeraie-de-marrakech",308
"/vente/superbe-riad-de-5-chambres-avec-acces-facile","/acheter/superbe-riad-de-5-chambres-avec-acces-facile",308
"/vente/charmant-riad-de-5-chambres-idealement-situe","/acheter/charmant-riad-de-5-chambres-idealement-situe",308
"/vente/a-vendre-villa-semi-finie-sur-golf-avec-travaux-sur-mesure","/acheter/a-vendre-villa-semi-finie-sur-golf-avec-travaux-sur-mesure",308
"/vente/charmant-hotel-en-bord-de-mer-a-vendre-au-sud-dessaouira","/acheter/charmant-hotel-en-bord-de-mer-a-vendre-au-sud-dessaouira",308
"/vente/superbe-villa-exploitee-en-maison-dhotes-a-proximite-de-marrakech","/acheter/superbe-villa-exploitee-en-maison-dhotes-a-proximite-de-marrakech",308
"/vente/riad-de-7-chambres-avec-bassin-et-excellent-emplacement","/acheter/riad-de-7-chambres-avec-bassin-et-excellent-emplacement",308
"/vente/superbe-appartement-de-3-chambres-dans-le-quartier-hivernage","/acheter/superbe-appartement-de-3-chambres-dans-le-quartier-hivernage",308
"/vente/superbe-villa-de-5-chambres-avec-vue-exceptionnelle","/acheter/superbe-villa-de-5-chambres-avec-vue-exceptionnelle",308
"/vente/superbe-riad-contemporain-de-4-chambres-avec-acces-voiture","/acheter/superbe-riad-contemporain-de-4-chambres-avec-acces-voiture",308
"/vente/beau-riad-de-5-chambres-a-rafraichir-belle-opportunite","/acheter/beau-riad-de-5-chambres-a-rafraichir-belle-opportunite",308
"/vente/beau-riad-moderne-de-4-chambres-dans-un-domaine-hotelier-exclusif","/acheter/beau-riad-moderne-de-4-chambres-dans-un-domaine-hotelier-exclusif",308
"/vente/bel-appartement-de-2-chambres-au-coeur-de-gueliz","/acheter/bel-appartement-de-2-chambres-au-coeur-de-gueliz",308
"/vente/lumineux-appartement-de-2-chambres-au-coeur-de-gueliz","/acheter/lumineux-appartement-de-2-chambres-au-coeur-de-gueliz",308
"/vente/riad-a-renover-avec-bel-emplacement","/acheter/riad-a-renover-avec-bel-emplacement",308
"/vente/riad-a-renover-a-proximite-de-la-place-jemaa-el-fna","/acheter/riad-a-renover-a-proximite-de-la-place-jemaa-el-fna",308
"/vente/traditionnel-riad-maison-dhotes-de-7-chambres-et-2-patios","/acheter/traditionnel-riad-maison-dhotes-de-7-chambres-et-2-patios",308
"/vente/riad-maison-dhotes-de-8-chambres-a-vendre-en-medina","/acheter/riad-maison-dhotes-de-8-chambres-a-vendre-en-medina",308
"/vente/maison-de-charme-5-chambres-a-vendre-a-proximite-dessaouira","/acheter/maison-de-charme-5-chambres-a-vendre-a-proximite-dessaouira",308
"/vente/charmant-riad-a-renover-au-coeur-de-la-medina","/acheter/charmant-riad-a-renover-au-coeur-de-la-medina",308
"/vente/charmant-riad-maison-dhotes-de-6-chambres","/acheter/charmant-riad-maison-dhotes-de-6-chambres",308
"/vente/beau-riad-de-6-chambres-avec-acces-voiture-direct","/acheter/beau-riad-de-6-chambres-avec-acces-voiture-direct",308
"/vente/charmante-maison-sur-un-hectare-proche-de-marrakech","/acheter/charmante-maison-sur-un-hectare-proche-de-marrakech",308
"/vente/charmante-villa-de-5-chambres-dans-un-domaine-prive","/acheter/charmante-villa-de-5-chambres-dans-un-domaine-prive",308
"/vente/authentique-riad-titre-a-renover-idealement-situe","/acheter/authentique-riad-titre-a-renover-idealement-situe",308
"/vente/riad-de-4-chambres-a-rafraichir-avec-bel-emplacement","/acheter/riad-de-4-chambres-a-rafraichir-avec-bel-emplacement",308
"/vente/terrain-titre-avec-vue-sur-dar-el-bacha","/acheter/terrain-titre-avec-vue-sur-dar-el-bacha",308
"/vente/charmant-riad-de-3-chambres-avec-bassin","/acheter/charmant-riad-de-3-chambres-avec-bassin",308
"/vente/villa-de-3-chambres-dans-domaine-securise","/acheter/villa-de-3-chambres-dans-domaine-securise",308
"/vente/exceptionnel-boutique-riad-de-8-suites-avec-emplacement-unique","/acheter/exceptionnel-boutique-riad-de-8-suites-avec-emplacement-unique",308
"/vente/charmant-riad-a-renover-dans-le-quartier-le-plus-prise-de-la-medina","/acheter/charmant-riad-a-renover-dans-le-quartier-le-plus-prise-de-la-medina",308
"/vente/superbe-riad-de-7-chambres-nouvellement-renove-avec-vue-exceptionnelle","/acheter/superbe-riad-de-7-chambres-nouvellement-renove-avec-vue-exceptionnelle",308
"/vente/exceptionnel-vaste-riad-titre-a-renover-avec-acces-voiture-direct-superbe-potentiel","/acheter/exceptionnel-vaste-riad-titre-a-renover-avec-acces-voiture-direct-superbe-potentiel",308
"/vente/tres-belle-villa-contemporaine-a-vendre-dans-un-domaine-securise","/acheter/tres-belle-villa-contemporaine-a-vendre-dans-un-domaine-securise",308
"/vente/charmant-riad-renove-de-4-chambres-a-essaouira-a-saisir","/acheter/charmant-riad-renove-de-4-chambres-a-essaouira-a-saisir",308
"/vente/bel-appartement-de-3-chambres-dans-un-domaine-golfique","/acheter/bel-appartement-de-3-chambres-dans-un-domaine-golfique",308
"/vente/villa-riad-de-3-chambres-avec-piscine-dans-un-domaine-securise-proche-de-marrakech","/acheter/villa-riad-de-3-chambres-avec-piscine-dans-un-domaine-securise-proche-de-marrakech",308
"/vente/elegante-villa-de-7-chambres-sur-1-hectare-proche-de-marrakech","/acheter/elegante-villa-de-7-chambres-sur-1-hectare-proche-de-marrakech",308
"/vente/ce-luxueux-riad-contemporain-de-5-chambres-est-propose-au-prix-de-650-000-euros","/acheter/ce-luxueux-riad-contemporain-de-5-chambres-est-propose-au-prix-de-650-000-euros",308
"/vente/bel-appartement-de-2-chambres-dans-domaine-golfique","/acheter/bel-appartement-de-2-chambres-dans-domaine-golfique",308
"/vente/belle-villa-riad-de-trois-chambres-en-palmeraie-de-marrakech","/acheter/belle-villa-riad-de-trois-chambres-en-palmeraie-de-marrakech",308
"/vente/ravissant-riad-de-5-chambres-avec-bassin-chauffe-en-terrasse","/acheter/ravissant-riad-de-5-chambres-avec-bassin-chauffe-en-terrasse",308
"/vente/charmante-maison-de-campagne-a-7km-de-locean","/acheter/charmante-maison-de-campagne-a-7km-de-locean",308
"/vente/superbe-et-elegant-riad-renove-a-vendre-en-medina-de-marrakech","/acheter/superbe-et-elegant-riad-renove-a-vendre-en-medina-de-marrakech",308
"/vente/bel-appartement-avec-terrasse-en-palmeraie-de-marrakech","/acheter/bel-appartement-avec-terrasse-en-palmeraie-de-marrakech",308
"/vente/maison-de-style-berbere-dans-une-oliveraie-proche-de-marrakech","/acheter/maison-de-style-berbere-dans-une-oliveraie-proche-de-marrakech",308
"/vente/exceptionnel-riad-renove-en-front-de-mer-exploite-en-maison-dhotes-de-8-chambres","/acheter/exceptionnel-riad-renove-en-front-de-mer-exploite-en-maison-dhotes-de-8-chambres",308
"/vente/charmant-riad-renove-de-4-chambres-idealement-situe","/acheter/charmant-riad-renove-de-4-chambres-idealement-situe",308
"/vente/elegante-villa-de-6-chambres-dans-un-domaine-golfique-de-prestige","/acheter/elegante-villa-de-6-chambres-dans-un-domaine-golfique-de-prestige",308
"/vente/belle-villa-de-4-5-chambres-sur-1-hectare-superbe-opportunite","/acheter/belle-villa-de-4-5-chambres-sur-1-hectare-superbe-opportunite",308
"/vente/exceptionnelle-propriete-de-11-chambres-avec-emplacement-unique","/acheter/exceptionnelle-propriete-de-11-chambres-avec-emplacement-unique",308
"/vente/superbe-et-elegant-riad-de-4-suites-avec-piscine-en-terrasse","/acheter/superbe-et-elegant-riad-de-4-suites-avec-piscine-en-terrasse",308
"/vente/riad-titre-a-renover-avec-emplacement-de-premier-ordre","/acheter/riad-titre-a-renover-avec-emplacement-de-premier-ordre",308
"/vente/vaste-et-elegant-riad-renove-de-4-suites-avec-acces-voiture","/acheter/vaste-et-elegant-riad-renove-de-4-suites-avec-acces-voiture",308
"/vente/beau-riad-maison-dhotes-de-6-chambres-avec-piscine-chauffee-et-spa","/acheter/beau-riad-maison-dhotes-de-6-chambres-avec-piscine-chauffee-et-spa",308
"/vente/ravissante-villa-de-4-chambres-avec-superbe-vue","/acheter/ravissante-villa-de-4-chambres-avec-superbe-vue",308
"/vente/a-vendre-bien-rare-en-plein-centre-ville-de-marrakech","/acheter/a-vendre-bien-rare-en-plein-centre-ville-de-marrakech",308
"/vente/rare-site-touristique-sur-1-hectare-proche-dessaouira","/acheter/rare-site-touristique-sur-1-hectare-proche-dessaouira",308
"/vente/superbe-villa-de-4-chambres-proche-du-centre-ville","/acheter/superbe-villa-de-4-chambres-proche-du-centre-ville",308
"/vente/exceptionnel-riad-historique-titre-idealement-situe","/acheter/exceptionnel-riad-historique-titre-idealement-situe",308
"/vente/superbe-villa-a-vendre-en-palmeraie-de-marrakech","/acheter/superbe-villa-a-vendre-en-palmeraie-de-marrakech",308
"/vente/riad-de-3-chambres-avec-emplacement-exceptionnel","/acheter/riad-de-3-chambres-avec-emplacement-exceptionnel",308
"/vente/charmant-riad-de-6-chambres-idealement-situe","/acheter/charmant-riad-de-6-chambres-idealement-situe",308
"/vente/belle-villa-contemporaine-en-premiere-ligne-sur-golf","/acheter/belle-villa-contemporaine-en-premiere-ligne-sur-golf",308
"/vente/vaste-duplex-avec-terrasse-au-coeur-de-marrakech-superbe-potentiel","/acheter/vaste-duplex-avec-terrasse-au-coeur-de-marrakech-superbe-potentiel",308
"/vente/beau-riad-de-6-chambres-nouvellement-renove","/acheter/beau-riad-de-6-chambres-nouvellement-renove",308
"/vente/elegante-villa-de-4-chambres-de-style-kasbah-a-vendre-a-proximite-de-marrakech","/acheter/elegante-villa-de-4-chambres-de-style-kasbah-a-vendre-a-proximite-de-marrakech",308
"/vente/exceptionnel-riad-boutique-hotel-de-9-suites-en-medina","/acheter/exceptionnel-riad-boutique-hotel-de-9-suites-en-medina",308
"/vente/villa-dexception-dans-un-joli-domaine-cloture-et-securise","/acheter/villa-dexception-dans-un-joli-domaine-cloture-et-securise",308
"/vente/beau-riad-renove-de-4-chambres-avec-bassin-en-terrasse","/acheter/beau-riad-renove-de-4-chambres-avec-bassin-en-terrasse",308
"/vente/belle-villa-de-5-chambres-avec-superbe-vue-dans-un-domaine-golfique","/acheter/belle-villa-de-5-chambres-avec-superbe-vue-dans-un-domaine-golfique",308
"/vente/terrain-titre-dun-hectare-sans-vna-dans-le-meilleur-quartier-de-la-palmeraie","/acheter/terrain-titre-dun-hectare-sans-vna-dans-le-meilleur-quartier-de-la-palmeraie",308
"/vente/charmant-riad-a-renover-avec-acces-voiture-proche","/acheter/charmant-riad-a-renover-avec-acces-voiture-proche",308
"/vente/coup-de-coeur-superbe-appartement-avec-terrasse-proche-de-majorelle","/acheter/coup-de-coeur-superbe-appartement-avec-terrasse-proche-de-majorelle",308
"/vente/exceptionnel-riad-design-de-3-chambres-en-parfait-etat","/acheter/exceptionnel-riad-design-de-3-chambres-en-parfait-etat",308
"/vente/exceptionnel-riad-jardin-de-5-suites","/acheter/exceptionnel-riad-jardin-de-5-suites",308
"/vente/vaste-riad-a-renover-avec-acces-voiture-direct","/acheter/vaste-riad-a-renover-avec-acces-voiture-direct",308
"/vente/beau-riad-ancien-a-renover-idealement-situe","/acheter/beau-riad-ancien-a-renover-idealement-situe",308
"/vente/seduisant-riad-renove-de-3-chambres-avec-bel-emplacement","/acheter/seduisant-riad-renove-de-3-chambres-avec-bel-emplacement",308
"/vente/exceptionnel-riad-a-renover-avec-emplacement-de-premier-ordre","/acheter/exceptionnel-riad-a-renover-avec-emplacement-de-premier-ordre",308
"/vente/riad-en-melkia-a-renover","/acheter/riad-en-melkia-a-renover",308
"/vente/vaste-riad-titre-a-renover","/acheter/vaste-riad-titre-a-renover",308
"/vente/superbe-riad-a-renover-avec-bel-emplacement","/acheter/superbe-riad-a-renover-avec-bel-emplacement",308
"/vente/ravissant-riad-de-4-chambres-a-dar-el-bacha","/acheter/ravissant-riad-de-4-chambres-a-dar-el-bacha",308
"/vente/superbe-villa-de-6-chambres-dans-un-domaine-golfique-exclusif","/acheter/superbe-villa-de-6-chambres-dans-un-domaine-golfique-exclusif",308
"/vente/charmant-riad-maison-dhotes-de-6-chambres-a-vendre-en-medina-de-marrakech","/acheter/charmant-riad-maison-dhotes-de-6-chambres-a-vendre-en-medina-de-marrakech",308
"/vente/elegant-riad-maison-dhotes-de-6-chambres-avec-superbe-emplacement","/acheter/elegant-riad-maison-dhotes-de-6-chambres-avec-superbe-emplacement",308
"/vente/luxueuse-villa-dans-un-domaine-securise-en-palmeraie-de-marrakech","/acheter/luxueuse-villa-dans-un-domaine-securise-en-palmeraie-de-marrakech",308
"/vente/charmant-riad-maison-dhotes-de-7-chambres","/acheter/charmant-riad-maison-dhotes-de-7-chambres",308
"/vente/superbe-propriete-de-7-chambres-en-palmeraie","/acheter/superbe-propriete-de-7-chambres-en-palmeraie",308
"/vente/bel-appartement-de-3-chambres-avec-terrasses-en-palmeraie","/acheter/bel-appartement-de-3-chambres-avec-terrasses-en-palmeraie",308
"/vente/boutique-riad-de-6-chambres-a-vendre-en-medina","/acheter/boutique-riad-de-6-chambres-a-vendre-en-medina",308
"/vente/ravissant-riad-de-5-chambres-avec-piscine-et-acces-voiture","/acheter/ravissant-riad-de-5-chambres-avec-piscine-et-acces-voiture",308
"/vente/appartement-plein-carte-parking-et-terrasse-vue-atlas","/acheter/appartement-plein-carte-parking-et-terrasse-vue-atlas",308
"/vente/ravissant-riad-de-4-chambres-avec-bassin-chauffe-et-superbe-emplacement","/acheter/ravissant-riad-de-4-chambres-avec-bassin-chauffe-et-superbe-emplacement",308
"/vente/seduisante-villa-de-4-suites-dans-un-domaine-prive","/acheter/seduisante-villa-de-4-suites-dans-un-domaine-prive",308
"/vente/a-vendre-riad-a-terminer-titre-ideal-pour-maison-dhotes","/acheter/a-vendre-riad-a-terminer-titre-ideal-pour-maison-dhotes",308
"/vente/exceptionnel-riad-de-5-chambres-avec-superbes-elements-anciens","/acheter/exceptionnel-riad-de-5-chambres-avec-superbes-elements-anciens",308
"/vente/belle-villa-de-charme-de-4-chambres-a-vendre-a-proximite-de-golfs-prestigieux","/acheter/belle-villa-de-charme-de-4-chambres-a-vendre-a-proximite-de-golfs-prestigieux",308
"/vente/charmante-propriete-nichee-dans-une-oliveraie-a-vendre-a-marrakech","/acheter/charmante-propriete-nichee-dans-une-oliveraie-a-vendre-a-marrakech",308
"/vente/belle-maison-renovee-a-vendre-a-proximite-dessaouira","/acheter/belle-maison-renovee-a-vendre-a-proximite-dessaouira",308
"/vente/charmante-villa-de-5-chambres-avec-superbe-vue","/acheter/charmante-villa-de-5-chambres-avec-superbe-vue",308
"/vente/vaste-et-luxueux-riad-de-6-chambres-a-vendre-en-medina-de-marrakech","/acheter/vaste-et-luxueux-riad-de-6-chambres-a-vendre-en-medina-de-marrakech",308
"/vente/charmant-riad-a-renover-avec-emplacement-de-premier-ordre","/acheter/charmant-riad-a-renover-avec-emplacement-de-premier-ordre",308
"/vente/charmant-riad-de-4-5-chambres-avec-piscine-chauffee","/acheter/charmant-riad-de-4-5-chambres-avec-piscine-chauffee",308
"/vente/bel-appartement-de-2-chambres-a-vendre-en-palmeraie-de-marrakech","/acheter/bel-appartement-de-2-chambres-a-vendre-en-palmeraie-de-marrakech",308
"/vente/beau-riad-a-renover-dans-quartier-authentique","/acheter/beau-riad-a-renover-dans-quartier-authentique",308
"/vente/superbe-propriete-de-7-chambres-a-vendre-en-palmeraie-de-marrakech","/acheter/superbe-propriete-de-7-chambres-a-vendre-en-palmeraie-de-marrakech",308
"/vente/riad-de-5-chambres-nouvellement-renove-avec-bel-emplacement","/acheter/riad-de-5-chambres-nouvellement-renove-avec-bel-emplacement",308
"/vente/exceptionnel-riad-de-8-chambres-et-suites-avec-spa-et-piscines","/acheter/exceptionnel-riad-de-8-chambres-et-suites-avec-spa-et-piscines",308
"/vente/villa-neuve-de-4-chambres-dans-domaine-golfique","/acheter/villa-neuve-de-4-chambres-dans-domaine-golfique",308
"/vente/belle-villa-de-4-chambres-de-style-riad-dans-un-domaine-prive","/acheter/belle-villa-de-4-chambres-de-style-riad-dans-un-domaine-prive",308
"/vente/bel-appartement-en-rez-de-jardin-en-palmeraie-de-marrakech","/acheter/bel-appartement-en-rez-de-jardin-en-palmeraie-de-marrakech",308
"/vente/beau-riad-arabo-andalou-de-8-chambres-a-vendre-en-medina","/acheter/beau-riad-arabo-andalou-de-8-chambres-a-vendre-en-medina",308
"/vente/vaste-riad-titre-a-renover-avec-superbe-potentiel","/acheter/vaste-riad-titre-a-renover-avec-superbe-potentiel",308
"/vente/seduisant-riad-de-6-chambres-en-cours-dachevement","/acheter/seduisant-riad-de-6-chambres-en-cours-dachevement",308
"/vente/exceptionnelle-finca-de-7-chambres-sur-3-hectares-en-vente-off-market","/acheter/exceptionnelle-finca-de-7-chambres-sur-3-hectares-en-vente-off-market",308
"/vente/rare-propriete-bobo-chic-a-vendre-a-proximite-de-marrakech","/acheter/rare-propriete-bobo-chic-a-vendre-a-proximite-de-marrakech",308
"/vente/charmant-riad-de-3-chambres-en-medina-de-marrakech-2","/acheter/charmant-riad-de-3-chambres-en-medina-de-marrakech-2",308
"/vente/charmant-riad-renove-maison-dhotes-de-6-chambres-en-medina","/acheter/charmant-riad-renove-maison-dhotes-de-6-chambres-en-medina",308
"/vente/tres-beau-riad-renove-de-3-4-chambres-et-bel-emplacement","/acheter/tres-beau-riad-renove-de-3-4-chambres-et-bel-emplacement",308
"/vente/luxueuse-villa-de-5-chambres-a-vendre-en-premiere-ligne-dun-golf-renomme","/acheter/luxueuse-villa-de-5-chambres-a-vendre-en-premiere-ligne-dun-golf-renomme",308
"/vente/elegant-riad-du-18eme-siecle-sur-les-remparts-dessaouira","/acheter/elegant-riad-du-18eme-siecle-sur-les-remparts-dessaouira",308
"/vente/piscine-interieure","/acheter/piscine-interieure",308
"/vente/tres-belle-maison-dhotes-riad-operationnelle-8-chambres","/acheter/tres-belle-maison-dhotes-riad-operationnelle-8-chambres",308
"/vente/charmant-riad-de-2-chambres-avec-bassin-en-terrasse-2","/acheter/charmant-riad-de-2-chambres-avec-bassin-en-terrasse-2",308
"/vente/riad-de-4-chambres-dans-le-quartier-kasbah","/acheter/riad-de-4-chambres-dans-le-quartier-kasbah",308
"/vente/riad-traditionnel-de-13-chambres-avec-acces-voiture","/acheter/riad-traditionnel-de-13-chambres-avec-acces-voiture",308
"/vente/riad-titre-a-renover-superbe-potentiel-dans-un-quartier-prise","/acheter/riad-titre-a-renover-superbe-potentiel-dans-un-quartier-prise",308
"/vente/charmante-villa-de-4-chambres-dans-un-nouveau-domaine-prive","/acheter/charmante-villa-de-4-chambres-dans-un-nouveau-domaine-prive",308
"/location/rez-de-jardin-1-chambre-renove-a-louer-atlas-golf-resort","/louer/rez-de-jardin-1-chambre-renove-a-louer-atlas-golf-resort",308
"/location/rez-de-jardin-a-louer-prestigia-corail","/louer/rez-de-jardin-a-louer-prestigia-corail",308
"/location/duplex-spacieux-meuble-2-chambres-a-louer-victor-hugo","/louer/duplex-spacieux-meuble-2-chambres-a-louer-victor-hugo",308
"/location/villa-marocaine-6-chambres-a-louer-a-marrakech-piscine-hammam-beldi","/louer/villa-marocaine-6-chambres-a-louer-a-marrakech-piscine-hammam-beldi",308
"/location/appartement-meuble-2-chambres-avec-terrasse-et-parking-a-louer-route-de-casablanca","/louer/appartement-meuble-2-chambres-avec-terrasse-et-parking-a-louer-route-de-casablanca",308
"/location/local-commercial-a-louer-avec-terrasse-titree-sur-lavenue-mohammed-vi","/louer/local-commercial-a-louer-avec-terrasse-titree-sur-lavenue-mohammed-vi",308
"/location/appartement-2-chambres-haut-standing-meuble-a-louer-route-de-casa","/louer/appartement-2-chambres-haut-standing-meuble-a-louer-route-de-casa",308
"/location/magnifique-appartement-de-standing-a-louer-route-de-casa","/louer/magnifique-appartement-de-standing-a-louer-route-de-casa",308
"/location/villa-3-chambres-3-facades-meublee-a-louer-a-prestigia","/louer/villa-3-chambres-3-facades-meublee-a-louer-a-prestigia",308
"/location/villa-prestigieuse-4-suites-a-louer-meublee-route-dourika","/louer/villa-prestigieuse-4-suites-a-louer-meublee-route-dourika",308
"/location/villa-de-prestige-4-suites-a-louer-bab-atlas","/louer/villa-de-prestige-4-suites-a-louer-bab-atlas",308
"/location/villa-contemporaine-a-louer-a-targa-sans-vis-a-vis","/louer/villa-contemporaine-a-louer-a-targa-sans-vis-a-vis",308
"/location/appartement-2-chambres-a-louer-a-gueliz-proche-lycee-victor-hugo","/louer/appartement-2-chambres-a-louer-a-gueliz-proche-lycee-victor-hugo",308
"/location/appartement-de-2-chambres-non-meuble-a-louer-a-atlas-golf-resort","/louer/appartement-de-2-chambres-non-meuble-a-louer-a-atlas-golf-resort",308
"/location/villa-moderne-meublee-3-chambres-a-louer-prestigia-morjane","/louer/villa-moderne-meublee-3-chambres-a-louer-prestigia-morjane",308
"/location/appartement-2-chambres-meuble-a-louer-a-gueliz","/louer/appartement-2-chambres-meuble-a-louer-a-gueliz",308
"/location/villa-moderne-5-chambres-a-louer-a-argan-golf-resort-marrakech","/louer/villa-moderne-5-chambres-a-louer-a-argan-golf-resort-marrakech",308
"/location/studio-meuble-a-louer-a-prestigia-jubea-marrakech-2-terrasses","/louer/studio-meuble-a-louer-a-prestigia-jubea-marrakech-2-terrasses",308
"/location/villa-traditionnelle-6-chambres-avec-piscine-a-louer-a-targa","/louer/villa-traditionnelle-6-chambres-avec-piscine-a-louer-a-targa",308
"/location/studio-meuble-a-louer-a-hivernage-2-residence-avec-piscine-et-salle-de-sport","/louer/studio-meuble-a-louer-a-hivernage-2-residence-avec-piscine-et-salle-de-sport",308
"/location/appartement-meuble-2-chambres-avec-jardin-a-louer-vue-sur-le-lac-marrakech-village","/louer/appartement-meuble-2-chambres-avec-jardin-a-louer-vue-sur-le-lac-marrakech-village",308
"/location/plateau-bureau-de-85-m%c2%b2-a-louer-a-gueliz-avenue-yacoub-el-mansour","/louer/plateau-bureau-de-85-m%c2%b2-a-louer-a-gueliz-avenue-yacoub-el-mansour",308
"/location/villa-familiale-a-louer-a-semlalia-5-chambres-style-marocain","/louer/villa-familiale-a-louer-a-semlalia-5-chambres-style-marocain",308
"/location/appartement-3-chambres-a-louer-a-prestigia-argan-chrifia","/louer/appartement-3-chambres-a-louer-a-prestigia-argan-chrifia",308
"/location/appartement-2-chambres-a-louer-a-prestigia-marrakech-village","/louer/appartement-2-chambres-a-louer-a-prestigia-marrakech-village",308
"/location/villa-contemporaine-4-chambres-avec-piscine-a-louer-route-dourika","/louer/villa-contemporaine-4-chambres-avec-piscine-a-louer-route-dourika",308
"/location/appartement-2-chambres-en-rez-de-jardin-a-louer-a-prestigia-topaze","/louer/appartement-2-chambres-en-rez-de-jardin-a-louer-a-prestigia-topaze",308
"/location/appartement-moderne-meuble-2-suites-a-louer-a-lhivernage-marrakech","/louer/appartement-moderne-meuble-2-suites-a-louer-a-lhivernage-marrakech",308
"/location/appartement-meuble-2-chambres-a-vendre-a-gueliz-proche-hivernage-marrakech","/louer/appartement-meuble-2-chambres-a-vendre-a-gueliz-proche-hivernage-marrakech",308
"/location/appartement-2-chambres-avec-terrasse-et-piscine-a-vendre-prestigia-topaze","/louer/appartement-2-chambres-avec-terrasse-et-piscine-a-vendre-prestigia-topaze",308
"/location/location-appartement-meuble-face-au-centre-americain-gueliz","/louer/location-appartement-meuble-face-au-centre-americain-gueliz",308
"/location/appartement-2-chambres-a-louer-a-riad-garden-marrakech","/louer/appartement-2-chambres-a-louer-a-riad-garden-marrakech",308
"/location/local-avec-mezzanine-a-louer-a-gueliz-marrakech","/louer/local-avec-mezzanine-a-louer-a-gueliz-marrakech",308
"/location/appartement-2-chambres-a-vendre-pres-du-lycee-victor-hugo","/louer/appartement-2-chambres-a-vendre-pres-du-lycee-victor-hugo",308
"/location/appartement-renove-a-louer-a-lhivernage-avec-terrasse","/louer/appartement-renove-a-louer-a-lhivernage-avec-terrasse",308
"/location/appartement-meuble-a-louer-pres-du-marche-des-fleurs-de-marrakech","/louer/appartement-meuble-a-louer-pres-du-marche-des-fleurs-de-marrakech",308
"/location/appartement-2-chambres-avec-piscine-a-louer-a-lhivernage","/louer/appartement-2-chambres-avec-piscine-a-louer-a-lhivernage",308
"/location/location-villa-de-luxe-avec-piscine-sur-un-golf-resort-a-marrakech","/louer/location-villa-de-luxe-avec-piscine-sur-un-golf-resort-a-marrakech",308
"/location/villa-de-luxe-a-louer-a-marrakech-avec-piscine-chauffee-et-jacuzzi","/louer/villa-de-luxe-a-louer-a-marrakech-avec-piscine-chauffee-et-jacuzzi",308
"/location/location-sous-sol-de-villa-meuble-pres-du-grand-stade-de-marrakech","/louer/location-sous-sol-de-villa-meuble-pres-du-grand-stade-de-marrakech",308
"/location/villa-de-prestige-5-suites-a-louer-avec-piscine-chauffee-et-hammam-a-amelkis-2","/louer/villa-de-prestige-5-suites-a-louer-avec-piscine-chauffee-et-hammam-a-amelkis-2",308
"/location/villa-de-prestige-5-suites-a-louer-avec-piscine-chauffee-et-hammam-a-amelkis","/louer/villa-de-prestige-5-suites-a-louer-avec-piscine-chauffee-et-hammam-a-amelkis",308
"/location/appartement-meuble-2-chambres-a-louer-a-river-palm-avec-vue-piscine","/louer/appartement-meuble-2-chambres-a-louer-a-river-palm-avec-vue-piscine",308
"/location/superbe-villa-familiale-meublee-a-louer-dans-le-quartier-majorelle","/louer/superbe-villa-familiale-meublee-a-louer-dans-le-quartier-majorelle",308
"/location/salon-de-beaute-a-louer-au-coeur-de-gueliz","/louer/salon-de-beaute-a-louer-au-coeur-de-gueliz",308
"/location/a-louer-appartement-meuble-prestigia-ambre","/louer/a-louer-appartement-meuble-prestigia-ambre",308
"/location/appartement-2-chambres-a-louer-prestigia-topaze","/louer/appartement-2-chambres-a-louer-prestigia-topaze",308
"/location/appartement-a-louer-2-chambres-a-marrakech-village-2","/louer/appartement-a-louer-2-chambres-a-marrakech-village-2",308
"/location/spacieux-appartement-a-louer-meuble-avec-piscine-hivernage","/louer/spacieux-appartement-a-louer-meuble-avec-piscine-hivernage",308
"/location/117972-2","/louer/117972-2",308
"/location/appartement-a-louer-a-prestigia-ambre-avec-rooftop-privatif","/louer/appartement-a-louer-a-prestigia-ambre-avec-rooftop-privatif",308
"/location/locaux-commerciaux-a-louer-au-coeur-de-gueliz-2","/louer/locaux-commerciaux-a-louer-au-coeur-de-gueliz-2",308
"/location/villa-de-luxe-4-chambres-a-louer-avec-piscine-privee","/louer/villa-de-luxe-4-chambres-a-louer-avec-piscine-privee",308
"/location/magnifique-villa-de-5-suites-a-louer-mysk","/louer/magnifique-villa-de-5-suites-a-louer-mysk",308
"/location/sublime-villa-4-suites-a-louer-chrifia","/louer/sublime-villa-4-suites-a-louer-chrifia",308
"/location/appartement-meuble-a-louer-prestigia-ambre","/louer/appartement-meuble-a-louer-prestigia-ambre",308
"/location/magnifique-local-commercial-a-louer-prestigia","/louer/magnifique-local-commercial-a-louer-prestigia",308
"/location/plateau-bureau-avec-facade-vitree-a-louer-boulevard-allal-fassi","/louer/plateau-bureau-avec-facade-vitree-a-louer-boulevard-allal-fassi",308
"/location/villa-de-luxe-3-suites-a-louer-meublee-domaine-residentiel-golfique-premium","/louer/villa-de-luxe-3-suites-a-louer-meublee-domaine-residentiel-golfique-premium",308
"/location/rez-de-jardin-meuble-raffine-a-louer-prestigia-opale","/louer/rez-de-jardin-meuble-raffine-a-louer-prestigia-opale",308
"/location/villa-ferme-de-luxe-a-louer-route-de-fes","/louer/villa-ferme-de-luxe-a-louer-route-de-fes",308
"/location/appartement-a-louer-non-meuble-marrakech-village","/louer/appartement-a-louer-non-meuble-marrakech-village",308
"/location/appartement-spacieux-a-louer-quartier-hivernage","/louer/appartement-spacieux-a-louer-quartier-hivernage",308
"/location/location-appartement-meuble-3-chambres-a-gueliz-marrakech-centre-ville","/louer/location-appartement-meuble-3-chambres-a-gueliz-marrakech-centre-ville",308
"/location/superbe-appartement-2-chambres-a-louer-quartier-agdal","/louer/superbe-appartement-2-chambres-a-louer-quartier-agdal",308
"/location/magnifique-appartement-2-chambres-a-louer-gueliz-route-de-casa","/louer/magnifique-appartement-2-chambres-a-louer-gueliz-route-de-casa",308
"/location/local-commercial-avec-grande-terrasse-a-louer-gueliz","/louer/local-commercial-avec-grande-terrasse-a-louer-gueliz",308
"/location/local-commercial-86-m%c2%b2-a-louer-a-ain-mezzouar-marrakech","/louer/local-commercial-86-m%c2%b2-a-louer-a-ain-mezzouar-marrakech",308
"/location/appartement-a-louer-meuble-victor-hugo-marrakech","/louer/appartement-a-louer-meuble-victor-hugo-marrakech",308
"/location/magnifique-studio-a-louer-victor-hugo","/louer/magnifique-studio-a-louer-victor-hugo",308
"/location/appartement-spacieux-a-louer-2-chambres-av-mohammed-6","/louer/appartement-spacieux-a-louer-2-chambres-av-mohammed-6",308
"/location/villa-riad-de-prestige-a-louer-route-de-tahanaout","/louer/villa-riad-de-prestige-a-louer-route-de-tahanaout",308
"/location/spacieux-appartement-3-chambres-a-louer-en-plein-gueliz","/louer/spacieux-appartement-3-chambres-a-louer-en-plein-gueliz",308
"/location/pavillon-4-chambres-avec-piscine-a-louer-sur-la-route-de-lourika","/louer/pavillon-4-chambres-avec-piscine-a-louer-sur-la-route-de-lourika",308
"/location/appartement-2-chambres-a-louer-meuble-route-de-lourika","/louer/appartement-2-chambres-a-louer-meuble-route-de-lourika",308
"/location/location-villa-marrakech-golf-avec-piscine-privee-residence-securisee-route-ourika","/louer/location-villa-marrakech-golf-avec-piscine-privee-residence-securisee-route-ourika",308
"/location/appartement-a-louer-2-chambres-avec-terrasse-avenue-mohamed-6","/louer/appartement-a-louer-2-chambres-avec-terrasse-avenue-mohamed-6",308
"/location/studio-de-luxe-a-louer-a-gueliz","/louer/studio-de-luxe-a-louer-a-gueliz",308
"/location/appartement-a-louer-sur-boulevard-mohammed-vi","/louer/appartement-a-louer-sur-boulevard-mohammed-vi",308
"/location/superbe-appartement-a-cote-du-carre-eden","/louer/superbe-appartement-a-cote-du-carre-eden",308
"/location/bel-appartement-a-louer-gueliz","/louer/bel-appartement-a-louer-gueliz",308
"/location/charmant-studio-meuble-en-location","/louer/charmant-studio-meuble-en-location",308
"/location/elegant-appartement-2-chambres-a-louer-a-victor-hugo","/louer/elegant-appartement-2-chambres-a-louer-a-victor-hugo",308
"/location/villa-haut-standing-moderne-meublee-a-louer-prestigia","/louer/villa-haut-standing-moderne-meublee-a-louer-prestigia",308
"/location/villa-haut-standing-a-louer-4-chambres-route-de-tahnaout","/louer/villa-haut-standing-a-louer-4-chambres-route-de-tahnaout",308
"/location/appartement-a-louer-2-chambres-a-marrakech-village","/louer/appartement-a-louer-2-chambres-a-marrakech-village",308
"/location/appartement-moderne-a-louer-prestigia-jade","/louer/appartement-moderne-a-louer-prestigia-jade",308
"/location/usine-avec-showroom-a-louer-quartier-industriel","/louer/usine-avec-showroom-a-louer-quartier-industriel",308
"/location/opportunite-commerciale-magasins-rdc-sous-sol-et-mezzanine-a-louer-victor-hugo","/louer/opportunite-commerciale-magasins-rdc-sous-sol-et-mezzanine-a-louer-victor-hugo",308
"/location/appartement-3-chambres-a-louer-prestigia-agate","/louer/appartement-3-chambres-a-louer-prestigia-agate",308
"/location/magnifique-rez-de-jardin-a-louer-marrakech-village","/louer/magnifique-rez-de-jardin-a-louer-marrakech-village",308
"/location/appartement-2-chambres-a-louer-meuble-et-full-equipe","/louer/appartement-2-chambres-a-louer-meuble-et-full-equipe",308
"/location/appartement-1ere-ligne-du-golf-a-louer-a-prestigia-corail","/louer/appartement-1ere-ligne-du-golf-a-louer-a-prestigia-corail",308
"/location/maison-dhote-10-chambres-a-louer-route-de-lourika","/louer/maison-dhote-10-chambres-a-louer-route-de-lourika",308
"/location/appartement-2-chambres-a-louer-avenue-mohamed-6","/louer/appartement-2-chambres-a-louer-avenue-mohamed-6",308
"/location/local-commercial-de-prestige-a-louer-avenue-mohammed-vi","/louer/local-commercial-de-prestige-a-louer-avenue-mohammed-vi",308
"/location/magnifique-rez-de-jardin-a-prestigia-ideal-famille-residence-fermee-et-securisee","/louer/magnifique-rez-de-jardin-a-prestigia-ideal-famille-residence-fermee-et-securisee",308
"/location/sublime-rez-de-jardin-3-chambres-meuble-a-prestigia-agate","/louer/sublime-rez-de-jardin-3-chambres-meuble-a-prestigia-agate",308
"/location/appartement-2-chambres-non-meuble-a-louer-a-victor-hugo","/louer/appartement-2-chambres-non-meuble-a-louer-a-victor-hugo",308
"/location/rez-de-jardin-2-chambres-a-louer-prestigia-opale","/louer/rez-de-jardin-2-chambres-a-louer-prestigia-opale",308
"/location/appartement-1-chambre-a-louer-route-de-casa","/louer/appartement-1-chambre-a-louer-route-de-casa",308
"/location/etage-de-villa-3-suites-en-location-au-coeur-de-gueliz","/louer/etage-de-villa-3-suites-en-location-au-coeur-de-gueliz",308
"/location/appartement-moderne-2-chambres-a-louer-a-lhivernage","/louer/appartement-moderne-2-chambres-a-louer-a-lhivernage",308
"/location/villa-meublee-4-chambres-a-louer-route-de-casa","/louer/villa-meublee-4-chambres-a-louer-route-de-casa",308
"/location/rez-de-jardin-3-chambres-a-louer-prestigia","/louer/rez-de-jardin-3-chambres-a-louer-prestigia",308
"/location/villa-familiale-avec-piscine-a-louer-atlas-golf-resort","/louer/villa-familiale-avec-piscine-a-louer-atlas-golf-resort",308
"/location/villa-moderne-haut-standing-a-louer-a-amelkis","/louer/villa-moderne-haut-standing-a-louer-a-amelkis",308
"/location/rez-de-jardin-2-chambres-a-louer-a-argan","/louer/rez-de-jardin-2-chambres-a-louer-a-argan",308
"/location/villa-de-standing-4-chambres-a-louer-a-noria-golf","/louer/villa-de-standing-4-chambres-a-louer-a-noria-golf",308
"/location/location-maison-route-dourika-km-5","/louer/location-maison-route-dourika-km-5",308
"/location/appartement-2-chambres-a-louer-a-prestigia-ambre","/louer/appartement-2-chambres-a-louer-a-prestigia-ambre",308
"/location/studio-meuble-haut-standing-a-louer-a-gueliz","/louer/studio-meuble-haut-standing-a-louer-a-gueliz",308
"/location/luxueux-appartement-a-louer-a-prestigia","/louer/luxueux-appartement-a-louer-a-prestigia",308
"/location/appartement-2-chambres-a-louer-victor-hugo","/louer/appartement-2-chambres-a-louer-victor-hugo",308
"/location/local-commerciaux-a-louer-centre-ville","/louer/local-commerciaux-a-louer-centre-ville",308
"/location/appartement-a-louer-2-chambres-route-de-casa","/louer/appartement-a-louer-2-chambres-route-de-casa",308
"/location/bureaux-et-magasins-a-louer-emplacement-strategique","/louer/bureaux-et-magasins-a-louer-emplacement-strategique",308
"/location/villa-moderne-haut-standing-a-louer-piscine-chauffee-et-spa","/louer/villa-moderne-haut-standing-a-louer-piscine-chauffee-et-spa",308
"/location/luxueux-appartement-a-louer-3-chambres-hivernage","/louer/luxueux-appartement-a-louer-3-chambres-hivernage",308
"/location/appartement-gueliz-centre-dernier-etage-avec-rooftop-prive","/louer/appartement-gueliz-centre-dernier-etage-avec-rooftop-prive",308
"/location/appartement-2-chambres-a-louer-majorelle","/louer/appartement-2-chambres-a-louer-majorelle",308
"/location/villa-4-chambres-a-louer-sur-route-de-casa","/louer/villa-4-chambres-a-louer-sur-route-de-casa",308
"/location/villa-de-standing-avec-ascenseur-et-hammam-a-louer-targa","/louer/villa-de-standing-avec-ascenseur-et-hammam-a-louer-targa",308
"/location/appartement-3-chambre-a-louer-non-meuble-prestigia-opale","/louer/appartement-3-chambre-a-louer-non-meuble-prestigia-opale",308
"/location/superbe-villa-de-plain-pied-style-marocain-a-louer-route-de-fes","/louer/superbe-villa-de-plain-pied-style-marocain-a-louer-route-de-fes",308
"/location/appartement-2-chambres-a-la-palmeraie","/louer/appartement-2-chambres-a-la-palmeraie",308
"/location/villa-de-luxe-en-location-route-de-fes","/louer/villa-de-luxe-en-location-route-de-fes",308
"/location/studio-meuble-a-louer-en-plein-centre-de-gueliz","/louer/studio-meuble-a-louer-en-plein-centre-de-gueliz",308
"/location/villa-spacieuse-a-louer-avec-piscine-privee-route-de-casa","/louer/villa-spacieuse-a-louer-avec-piscine-privee-route-de-casa",308
"/location/villa-4-chambres-a-louer-a-targa","/louer/villa-4-chambres-a-louer-a-targa",308
"/location/villa-moderne-3-chambres-a-louer-a-akenza","/louer/villa-moderne-3-chambres-a-louer-a-akenza",308
"/location/rez-de-jardin-a-louer-sur-prestigia-ambre","/louer/rez-de-jardin-a-louer-sur-prestigia-ambre",308
"/location/magnifique-villa-a-louer-route-tahanaout","/louer/magnifique-villa-a-louer-route-tahanaout",308
"/location/villa-dexception-a-louer-a-argan-golf-resort","/louer/villa-dexception-a-louer-a-argan-golf-resort",308
"/location/villa-meublee-3-chambres-a-louer-route-de-casa","/louer/villa-meublee-3-chambres-a-louer-route-de-casa",308
"/location/villa-4-suite-a-louer-meublee-quartier-targa","/louer/villa-4-suite-a-louer-meublee-quartier-targa",308
"/location/villa-spacieuse-et-lumineuse-a-louer-sur-route-de-fes","/louer/villa-spacieuse-et-lumineuse-a-louer-sur-route-de-fes",308
"/location/magnifique-villa-3-chambres-a-louer-a-chrifia","/louer/magnifique-villa-3-chambres-a-louer-a-chrifia",308
"/location/appartement-2-chambres-meuble-a-louer-a-prestigia-opale","/louer/appartement-2-chambres-meuble-a-louer-a-prestigia-opale",308
"/location/sublime-appartement-en-location-a-prestigia-saphir","/louer/sublime-appartement-en-location-a-prestigia-saphir",308
"/location/appartement-1-chambre-non-meuble-a-louer","/louer/appartement-1-chambre-non-meuble-a-louer",308
"/location/villa-5-chambres-a-louer-non-meublee-sur-route-de-casa","/louer/villa-5-chambres-a-louer-non-meublee-sur-route-de-casa",308
"/location/villa-3-chambres-a-louer-sur-la-route-dourika","/louer/villa-3-chambres-a-louer-sur-la-route-dourika",308
"/location/spacieuse-villa-8-chambres-a-louer-a-targa","/louer/spacieuse-villa-8-chambres-a-louer-a-targa",308
"/location/magnifique-villa-a-louer-sur-argan-golf-resort","/louer/magnifique-villa-a-louer-sur-argan-golf-resort",308
"/location/magnifique-rez-de-jardin-2-chambres-prestigia-topaze-a-louer","/louer/magnifique-rez-de-jardin-2-chambres-prestigia-topaze-a-louer",308
"/location/unique-a-louer-longue-duree-villa-camp-ghoul-5-chambres","/louer/unique-a-louer-longue-duree-villa-camp-ghoul-5-chambres",308
"/location/superbe-appartement-2-chambres-lumineux-au-coeur-de-gueliz","/louer/superbe-appartement-2-chambres-lumineux-au-coeur-de-gueliz",308
"/location/superbe-appartement-meuble-avec-vue-sur-golf-et-piscines","/louer/superbe-appartement-meuble-avec-vue-sur-golf-et-piscines",308
"/location/appartement-de-standing-avec-vue-sur-golf-et-atlas","/louer/appartement-de-standing-avec-vue-sur-golf-et-atlas",308
"/location/villa-moderne-a-prestigia-marrakech-en-longue-duree","/louer/villa-moderne-a-prestigia-marrakech-en-longue-duree",308
"/location/superbe-appartement-3-chambres-avec-terrasse-vue-degagee","/louer/superbe-appartement-3-chambres-avec-terrasse-vue-degagee",308
"/location/location-de-charme-a-marrakech-appartement-rez-de-jardin","/louer/location-de-charme-a-marrakech-appartement-rez-de-jardin",308
"/location/luxueux-appartement-avec-terrasse-avenue-mohamed-vi","/louer/luxueux-appartement-avec-terrasse-avenue-mohamed-vi",308
"/location/appartement-elegance-et-confort-a-marrakech","/louer/appartement-elegance-et-confort-a-marrakech",308
"/location/villa-moderne-a-louer-confort-et-elegance-a-marrakech","/louer/villa-moderne-a-louer-confort-et-elegance-a-marrakech",308
"/location/appartement-meuble-de-114-m%c2%b2-avec-double-terrasse-a-louer","/louer/appartement-meuble-de-114-m%c2%b2-avec-double-terrasse-a-louer",308
"/location/appartement-1-chambre-meuble-dans-residence-securisee","/louer/appartement-1-chambre-meuble-dans-residence-securisee",308
"/location/villa-moderne-avec-piscine-privee","/louer/villa-moderne-avec-piscine-privee",308
"/location/villa-de-prestige-sur-la-route-de-lourika","/louer/villa-de-prestige-sur-la-route-de-lourika",308
"/location/charmante-villa-a-louer-en-longue-duree-avec-piscine","/louer/charmante-villa-a-louer-en-longue-duree-avec-piscine",308
"/location/appartement-2-chambres-a-louer-au-centre-ville-de-marrakech","/louer/appartement-2-chambres-a-louer-au-centre-ville-de-marrakech",308
"/location/villa-a-louer-un-an-meublee-avec-3-chambres-2-sdb-piscine-et-jardin-de-550-m2","/louer/villa-a-louer-un-an-meublee-avec-3-chambres-2-sdb-piscine-et-jardin-de-550-m2",308
"/location/a-saisir-villa-dans-residence-privee-a-louer-en-longue-duree-piscine-privative","/louer/a-saisir-villa-dans-residence-privee-a-louer-en-longue-duree-piscine-privative",308
"/location/a-saisir-tres-belle-villa-meublee-a-louer-en-longue-duree","/louer/a-saisir-tres-belle-villa-meublee-a-louer-en-longue-duree",308
"/location/double-riad-7-ch-rooftop-terrasse-avec-vue-degagee-deux-bassins","/louer/double-riad-7-ch-rooftop-terrasse-avec-vue-degagee-deux-bassins",308
"/location/riad-ker-46-medina-3-chambres-terrasse-avec-vue-sur-la-koutoubia-et-bassin","/louer/riad-ker-46-medina-3-chambres-terrasse-avec-vue-sur-la-koutoubia-et-bassin",308
"/location/riad-ker-47-4-chambres-terrasse-avec-vue-sur-la-koutoubia-bassin","/louer/riad-ker-47-4-chambres-terrasse-avec-vue-sur-la-koutoubia-bassin",308
"/location/villa-la-porte-au-lion-3-chambres-grand-jardin-et-grande-piscine-sans-vis-a-vis","/louer/villa-la-porte-au-lion-3-chambres-grand-jardin-et-grande-piscine-sans-vis-a-vis",308
"/location/riad-le-loft-3-chambres-medina-marrakech","/louer/riad-le-loft-3-chambres-medina-marrakech",308
"/location/a-louer-en-longue-duree-appartement-2-chambres-piscine-meuble","/louer/a-louer-en-longue-duree-appartement-2-chambres-piscine-meuble",308
"/location/tres-jolie-villa-riad","/louer/tres-jolie-villa-riad",308
"/location/location-appartement-longue-duree-rez-de-jardin-palmeraie","/louer/location-appartement-longue-duree-rez-de-jardin-palmeraie",308
"/location/location-longue-duree-appartement-river-palm","/louer/location-longue-duree-appartement-river-palm",308
"/location/villa-1ere-ligne-de-golf-a-louer-route-de-lourika","/louer/villa-1ere-ligne-de-golf-a-louer-route-de-lourika",308
"/location/pavillon-en-location-sur-la-route-dourika","/louer/pavillon-en-location-sur-la-route-dourika",308
"/location/villa-moderne-de-5-chambres-a-louer-en-longue-duree","/louer/villa-moderne-de-5-chambres-a-louer-en-longue-duree",308
"/location/ferme-de-luxe-en-location-longue-duree-sur-la-route-de-fes","/louer/ferme-de-luxe-en-location-longue-duree-sur-la-route-de-fes",308
"/location/villa-a-louer-non-meuble-amelkis","/louer/villa-a-louer-non-meuble-amelkis",308
"/location/villa-residence-golfique","/louer/villa-residence-golfique",308
"/location/villa-ultra-moderne-a-louer-dans-marrakech","/louer/villa-ultra-moderne-a-louer-dans-marrakech",308
"/location/villa-riad-a-louer-dans-un-beau-domaine-securise-proche-de-marrakech","/louer/villa-riad-a-louer-dans-un-beau-domaine-securise-proche-de-marrakech",308
"/location/a-louer-en-longue-duree-en-palmeraie-villa-trois-chambres","/louer/a-louer-en-longue-duree-en-palmeraie-villa-trois-chambres",308
"/location/magnifique-villa-dans-le-golf-amelkis","/louer/magnifique-villa-dans-le-golf-amelkis",308
"/location/a-louer-en-longue-duree-appartement-2-chambres-sur-avenue-moh-6","/louer/a-louer-en-longue-duree-appartement-2-chambres-sur-avenue-moh-6",308
"/location/magnifique-villa-a-louer-en-longue-duree-en-palmeraie-de-marrakech","/louer/magnifique-villa-a-louer-en-longue-duree-en-palmeraie-de-marrakech",308
"/location/villa-de-2-chambres-a-louer-en-palmeraie","/louer/villa-de-2-chambres-a-louer-en-palmeraie",308
"/location/belle-villa-de-4-chambres-a-louer-a-proximite-du-lycee-victor-hugo","/louer/belle-villa-de-4-chambres-a-louer-a-proximite-du-lycee-victor-hugo",308
"/location/appartement-kasbah-a-louer-en-longue-duree-dans-marrakech","/louer/appartement-kasbah-a-louer-en-longue-duree-dans-marrakech",308
"/location/appartement-2-chambres-meuble-vue-atlas","/louer/appartement-2-chambres-meuble-vue-atlas",308
"/location/appartement-location-prestigia-en-longue-duree-2-chambres","/louer/appartement-location-prestigia-en-longue-duree-2-chambres",308
"/location/appartement-2-chambres-a-louer-en-longue-duree-a-lhivernage","/louer/appartement-2-chambres-a-louer-en-longue-duree-a-lhivernage",308
"/location/appartement-deux-chambres-a-louer-en-longue-duree-dans-residence-en-palmeraie","/louer/appartement-deux-chambres-a-louer-en-longue-duree-dans-residence-en-palmeraie",308
"/location/a-louer-en-longue-duree-prestigia-vue-lac-3-chambres","/louer/a-louer-en-longue-duree-prestigia-vue-lac-3-chambres",308
"/location/villa-de-luxe-a-louer-en-longue-duree-au-coeur-de-marrakech","/louer/villa-de-luxe-a-louer-en-longue-duree-au-coeur-de-marrakech",308
"/location/villa-longue-duree-a-louer-vide","/louer/villa-longue-duree-a-louer-vide",308
"/location/appartement-a-louer-dans-residence-golfique-2","/louer/appartement-a-louer-dans-residence-golfique-2",308
"/location/local-commercial-neuf-a-louer-emplacement-dexception-au-coeur-dun-quartier-vibrant","/louer/local-commercial-neuf-a-louer-emplacement-dexception-au-coeur-dun-quartier-vibrant",308
"/location/appartement-avec-double-terrasse-au-coeur-de-marrakech-en-location-longue-duree","/louer/appartement-avec-double-terrasse-au-coeur-de-marrakech-en-location-longue-duree",308
"/location/villa-contemporaine-2","/louer/villa-contemporaine-2",308
"/location/a-louer-villa-de-3-chambres-dans-un-domaine-securise","/louer/a-louer-villa-de-3-chambres-dans-un-domaine-securise",308
"/location/bel-appartement-de-2-chambres-a-louer-au-coeur-de-gueliz-2","/louer/bel-appartement-de-2-chambres-a-louer-au-coeur-de-gueliz-2",308
"/location/villa-riad-piscine-de-4-chambres-nichee-dans-un-tres-joli-domaine-proche-des-ecoles-de-marrakech","/louer/villa-riad-piscine-de-4-chambres-nichee-dans-un-tres-joli-domaine-proche-des-ecoles-de-marrakech",308
"/location/villa-riad-moderne","/louer/villa-riad-moderne",308
"/location/appartement-3-chambres-plein-centre-de-gueliz-et-parking","/louer/appartement-3-chambres-plein-centre-de-gueliz-et-parking",308
"/location/bel-appartement-de-2-chambres-a-louer-au-coeur-du-quartier-gueliz","/louer/bel-appartement-de-2-chambres-a-louer-au-coeur-du-quartier-gueliz",308
"/location/villa-proche-golf","/louer/villa-proche-golf",308
"/location/appartement-de-1-chambre-a-louer-au-coeur-du-quartier-gueliz","/louer/appartement-de-1-chambre-a-louer-au-coeur-du-quartier-gueliz",308
"/location/riad-de-2-chambres-a-louer-dans-excellent-quartier","/louer/riad-de-2-chambres-a-louer-dans-excellent-quartier",308
"/location/villa-de-3-chambres-a-louer-dans-jolie-residence-avec-piscine-a-marrakech","/louer/villa-de-3-chambres-a-louer-dans-jolie-residence-avec-piscine-a-marrakech",308
"/location/maison-3-chambres-a-louer-aux-portes-de-marrakech","/louer/maison-3-chambres-a-louer-aux-portes-de-marrakech",308
"/location/vaste-villa-de-8-chambres-a-louer-a-quelques-minutes-du-centre-ville","/louer/vaste-villa-de-8-chambres-a-louer-a-quelques-minutes-du-centre-ville",308
"/location/charmante-maison-de-ville-de-4-chambres-a-louer-au-coeur-de-marrakech","/louer/charmante-maison-de-ville-de-4-chambres-a-louer-au-coeur-de-marrakech",308
"/location/beau-duplex-de-3-chambres-a-louer-dans-un-domaine-securise","/louer/beau-duplex-de-3-chambres-a-louer-dans-un-domaine-securise",308
"/location/appartement-neuf-1-chambre-face-a-la-gare-a-louer-vide-en-longue-duree","/louer/appartement-neuf-1-chambre-face-a-la-gare-a-louer-vide-en-longue-duree",308
"/location/un-appartement-spacieux-au-coeur-dune-residence-securisee-avec-piscine-proche-du-centre-ville","/louer/un-appartement-spacieux-au-coeur-dune-residence-securisee-avec-piscine-proche-du-centre-ville",308
"/location/un-appartement-elegant-au-coeur-dune-residence-securisee-avec-piscine-proche-du-centre-ville","/louer/un-appartement-elegant-au-coeur-dune-residence-securisee-avec-piscine-proche-du-centre-ville",308
"/location/villa-riad-piscine-de-3-chambres-nichee-dans-un-tres-joli-domaine-proche-des-ecoles-de-marrakech","/louer/villa-riad-piscine-de-3-chambres-nichee-dans-un-tres-joli-domaine-proche-des-ecoles-de-marrakech",308
"/location/villa-riad-de-3-chambres-nichee-dans-un-tres-joli-domaine-proche-du-centre-de-marrakech","/louer/villa-riad-de-3-chambres-nichee-dans-un-tres-joli-domaine-proche-du-centre-de-marrakech",308
"/location/charmante-maison-contemporaine-a-seulement-8km-dessaouira","/louer/charmante-maison-contemporaine-a-seulement-8km-dessaouira",308
"/location/charmante-maison-de-4-chambres-a-louer-a-7-km-de-locean","/louer/charmante-maison-de-4-chambres-a-louer-a-7-km-de-locean",308
"/location/belle-villa-meublee-de-3-chambres-dans-un-domaine-golfique-a-marrakech","/louer/belle-villa-meublee-de-3-chambres-dans-un-domaine-golfique-a-marrakech",308
"/location/charmante-maison-de-campagne-a-louer-a-8-km-dessaouira","/louer/charmante-maison-de-campagne-a-louer-a-8-km-dessaouira",308
"/location/agreable-villa-de-4-chambres-a-louer-dans-un-domaine-golfique-recherche","/louer/agreable-villa-de-4-chambres-a-louer-dans-un-domaine-golfique-recherche",308
"/location/bel-appartement-a-louer-au-coeur-de-marrakech","/louer/bel-appartement-a-louer-au-coeur-de-marrakech",308
"/location/villa-de-5-chambres-avec-vue-magnifique-a-louer-dans-un-domaine-prive","/louer/villa-de-5-chambres-avec-vue-magnifique-a-louer-dans-un-domaine-prive",308
"/location/belle-villa-de-3-chambres-a-louer-dans-un-domaine-golfique","/louer/belle-villa-de-3-chambres-a-louer-dans-un-domaine-golfique",308
"/location/belle-villa-riad-a-louer-en-palmeraie-de-marrakech","/louer/belle-villa-riad-a-louer-en-palmeraie-de-marrakech",308
"/location/charmante-maison-de-3-chambres-a-12-km-de-marrakech","/louer/charmante-maison-de-3-chambres-a-12-km-de-marrakech",308
"/location/a-louer-villa-contemporaine-a-marrakech-avec-piscine-privative","/louer/a-louer-villa-contemporaine-a-marrakech-avec-piscine-privative",308
"/location/sympathique-villa-a-louer-pres-du-centre-de-marrakech","/louer/sympathique-villa-a-louer-pres-du-centre-de-marrakech",308
"/location/propriete-de-charme-a-louer-en-palmeraie-de-marrakech","/louer/propriete-de-charme-a-louer-en-palmeraie-de-marrakech",308
"/location/jolie-villa-de-3-chambres-a-louer-en-longue-duree-dans-une-residence-golfique","/louer/jolie-villa-de-3-chambres-a-louer-en-longue-duree-dans-une-residence-golfique",308
"/location/bel-appartement-vide-refait-a-neuf-a-louer-en-plein-centre-ville","/louer/bel-appartement-vide-refait-a-neuf-a-louer-en-plein-centre-ville",308
"/location/charmante-propriete-de-4-chambres-a-louer-a-proximite-de-marrakech","/louer/charmante-propriete-de-4-chambres-a-louer-a-proximite-de-marrakech",308
"/location/belle-villa-classique-de-4-chambres-a-louer-en-longue-et-courte-duree-dans-la-palmeraie","/louer/belle-villa-classique-de-4-chambres-a-louer-en-longue-et-courte-duree-dans-la-palmeraie",308
"/location/charmant-appartement-a-louer-a-proximite-du-jardin-majorelle","/louer/charmant-appartement-a-louer-a-proximite-du-jardin-majorelle",308
"/location/a-louer-elegant-riad-renove-de-4-suites-avec-piscine-et-acces-voiture-direct","/louer/a-louer-elegant-riad-renove-de-4-suites-avec-piscine-et-acces-voiture-direct",308
"/location/bel-appartement-avec-terrasse-a-louer-au-coeur-du-quartier-gueliz","/louer/bel-appartement-avec-terrasse-a-louer-au-coeur-du-quartier-gueliz",308
"/location/bel-appartement-de-2-chambres-a-louer-au-coeur-de-gueliz","/louer/bel-appartement-de-2-chambres-a-louer-au-coeur-de-gueliz",308
"/location/bel-appartement-a-louer-meuble-dans-une-jolie-residence-avec-golf","/louer/bel-appartement-a-louer-meuble-dans-une-jolie-residence-avec-golf",308
"/location/charmant-petit-pied-a-terre-renove-a-louer-en-medina-de-marrakech","/louer/charmant-petit-pied-a-terre-renove-a-louer-en-medina-de-marrakech",308
"/location/agreable-villa-de-4-chambres-a-louer-en-longue-duree-a-20-minutes-de-marrakech","/louer/agreable-villa-de-4-chambres-a-louer-en-longue-duree-a-20-minutes-de-marrakech",308
"/location/villa-riad-a-louer-en-longue-duree-a-proximite-de-marrakech","/louer/villa-riad-a-louer-en-longue-duree-a-proximite-de-marrakech",308
"/location/confortable-villa-riad-a-louer-a-proximite-de-marrakech","/louer/confortable-villa-riad-a-louer-a-proximite-de-marrakech",308
"/location/bel-appartement-de-2-chambres-a-louer-dans-une-residence-de-qualite","/louer/bel-appartement-de-2-chambres-a-louer-dans-une-residence-de-qualite",308
"/location/jolie-villa-idealement-situee-sur-un-golf-prestigieux-a-20-minutes-du-centre-de-marrakech","/louer/jolie-villa-idealement-situee-sur-un-golf-prestigieux-a-20-minutes-du-centre-de-marrakech",308
"/location/a-louer-en-longue-duree-villa-dans-petite-residence-proche-marrakech-avec-piscine-privative","/louer/a-louer-en-longue-duree-villa-dans-petite-residence-proche-marrakech-avec-piscine-privative",308
"/location/superbe-villa-de-3-chambres-de-style-kasbah-a-louer-a-proximite-de-marrakech","/louer/superbe-villa-de-3-chambres-de-style-kasbah-a-louer-a-proximite-de-marrakech",308
"/location/superbe-villa-de-4-chambres-a-louer-dans-un-domaine-prive-a-proximite-de-marrakech","/louer/superbe-villa-de-4-chambres-a-louer-dans-un-domaine-prive-a-proximite-de-marrakech",308
"/location/charmante-villa-de-3-chambres-en-location-longue-duree-en-palmeraie-de-marrakech","/louer/charmante-villa-de-3-chambres-en-location-longue-duree-en-palmeraie-de-marrakech",308
"/location/a-louer-agreable-villa-privative-de-4-chambres","/louer/a-louer-agreable-villa-privative-de-4-chambres",308
"/location/bel-appartement-a-louer-a-proximite-du-lycee-victor-hugo","/louer/bel-appartement-a-louer-a-proximite-du-lycee-victor-hugo",308
"/location/magnifique-appartement-a-louer-a-moins-de-5-mn-du-centre-ville","/louer/magnifique-appartement-a-louer-a-moins-de-5-mn-du-centre-ville",308
"/location/a-louer-magnifique-villa-de-4-chambres","/louer/a-louer-magnifique-villa-de-4-chambres",308
"/location/bel-appartement-a-louer-dans-une-residence-de-standing-avec-piscine","/louer/bel-appartement-a-louer-dans-une-residence-de-standing-avec-piscine",308
"/location/a-louer-appartement-de-3-chambres-a-lhivernage","/louer/a-louer-appartement-de-3-chambres-a-lhivernage",308
"/location/bel-appartement-de-3-chambres-a-louer-dans-une-residence-securisee","/louer/bel-appartement-de-3-chambres-a-louer-dans-une-residence-securisee",308
"/location/appartement-a-louer-au-coeur-de-gueliz","/louer/appartement-a-louer-au-coeur-de-gueliz",308
"/location/villa-dans-residence-3","/louer/villa-dans-residence-3",308
"/location/proche-ecole-us","/louer/proche-ecole-us",308
"/location/jolie-villa-contemporaine-a-louer-dans-une-residence","/louer/jolie-villa-contemporaine-a-louer-dans-une-residence",308
"/location/villa-avec-piscine-4","/louer/villa-avec-piscine-4",308
"/location/tres-belle-villa-a-louer-dans-un-domaine-securise-avec-activites-sportives","/louer/tres-belle-villa-a-louer-dans-un-domaine-securise-avec-activites-sportives",308
"/location/a-louer-longue-duree-villa-riad-de-3-chambres-dans-un-beau-domaine-arbore","/louer/a-louer-longue-duree-villa-riad-de-3-chambres-dans-un-beau-domaine-arbore",308
"/location/bel-appartement-de-2-chambres-a-louer","/louer/bel-appartement-de-2-chambres-a-louer",308
"/location/appartement-de-2-chambres-a-louer-en-palmeraie-de-marrakech","/louer/appartement-de-2-chambres-a-louer-en-palmeraie-de-marrakech",308
"/location/appartement-en-plein-centre-a-louer-en-longue-duree","/louer/appartement-en-plein-centre-a-louer-en-longue-duree",308
"/location/villa-de-3-chambres-a-louer-en-longue-duree","/louer/villa-de-3-chambres-a-louer-en-longue-duree",308
"/location/villa-a-louer-dans-residence-golfique-sur-marrakech","/louer/villa-a-louer-dans-residence-golfique-sur-marrakech",308
"/location/appartement-en-centre-ville-de-marrakech","/louer/appartement-en-centre-ville-de-marrakech",308
"/location/a-louer-jolie-villa-de-3-chambres-a-targa","/louer/a-louer-jolie-villa-de-3-chambres-a-targa",308
"/location/appartement-de-4-chambres-a-louer-dans-le-quartier-du-lycee-francais-de-marrakech","/louer/appartement-de-4-chambres-a-louer-dans-le-quartier-du-lycee-francais-de-marrakech",308
"/location/appartement-de-2-chambres-a-louer-dans-domaine-securise","/louer/appartement-de-2-chambres-a-louer-dans-domaine-securise",308
"/location/bel-appartement-de-2-chambres-a-louer-a-lhivernage-2","/louer/bel-appartement-de-2-chambres-a-louer-a-lhivernage-2",308
"/location/grande-villa-5-chambres-a-louer","/louer/grande-villa-5-chambres-a-louer",308
"/location/plateau-de-bureau-neuf-a-louer","/louer/plateau-de-bureau-neuf-a-louer",308
"/location/bureau-a-louer-dans-un-immeuble-professionnel","/louer/bureau-a-louer-dans-un-immeuble-professionnel",308
"/location/appartement-a-louer-dans-lhivernage","/louer/appartement-a-louer-dans-lhivernage",308
"/location/appartement-a-2-mn-du-centre-ville-de-marrakech","/louer/appartement-a-2-mn-du-centre-ville-de-marrakech",308
"/location/appartement-au-coeur-du-centre","/louer/appartement-au-coeur-du-centre",308
"/location/appartement-residence-golfique-3","/louer/appartement-residence-golfique-3",308
"/location/sublime-petite-villa-de-plain-pied-dans-un-coin-de-verdure","/louer/sublime-petite-villa-de-plain-pied-dans-un-coin-de-verdure",308
"/location/appartement-residence-golfique-2","/louer/appartement-residence-golfique-2",308
"/location/villa-avec-piscine-5","/louer/villa-avec-piscine-5",308
"/location/appartement-jardin-hivernage","/louer/appartement-jardin-hivernage",308
"/location/appartement-palmeraie-2","/louer/appartement-palmeraie-2",308
"/location/appartement-moderne-et-design-a-louer","/louer/appartement-moderne-et-design-a-louer",308
"/location/appartement-centre-ville","/louer/appartement-centre-ville",308
"/location/appartement-hivernage","/louer/appartement-hivernage",308
"/location/appartement-quartier-majorelle","/louer/appartement-quartier-majorelle",308
"/location/appartement-dans-residence-avec-piscine","/louer/appartement-dans-residence-avec-piscine",308
"/location/superbe","/louer/superbe",308
"/location/appartement-sur-golf","/louer/appartement-sur-golf",308
"/location/appartement-jardin","/louer/appartement-jardin",308
"/location/appartement-3-chambres","/louer/appartement-3-chambres",308
"/location/appartement-avec-piscine","/louer/appartement-avec-piscine",308
"/location/gueliz","/louer/gueliz",308
"/location/villa-securisee-en-palmeraie","/louer/villa-securisee-en-palmeraie",308
"/location/villa-sur-golf","/louer/villa-sur-golf",308
"/location/finitions-parfaites","/louer/finitions-parfaites",308
"/location/villa-a-cote-de-lecole-francaise","/louer/villa-a-cote-de-lecole-francaise",308
"/location/villa-dans-residence-6","/louer/villa-dans-residence-6",308
"/location/villa-dans-residence-5","/louer/villa-dans-residence-5",308
"/location/villa-avec-piscine-2","/louer/villa-avec-piscine-2",308
"/location/villa-moderne-avec-piscine","/louer/villa-moderne-avec-piscine",308
"/location/campagne-chic","/louer/campagne-chic",308
"/location/villa-moderne-3","/louer/villa-moderne-3",308
"/location/villa-riad","/louer/villa-riad",308
"/location/moderne-a-la-campagne-3","/louer/moderne-a-la-campagne-3",308
"/location/belles-decorations","/louer/belles-decorations",308
"/location/moderne-a-la-campagne-2","/louer/moderne-a-la-campagne-2",308
"/location/moderne-a-la-campagne","/louer/moderne-a-la-campagne",308
"/location/villa-proche-centre-ville","/louer/villa-proche-centre-ville",308
"/location/propriete-a-la-campagne","/louer/propriete-a-la-campagne",308
"/location/villa-centre-ville-2","/louer/villa-centre-ville-2",308
"/location/villa-centre-ville","/louer/villa-centre-ville",308
"/location/appartement-a-louer-en-longue-duree-dans-residence-securise-dans-marrakech","/louer/appartement-a-louer-en-longue-duree-dans-residence-securise-dans-marrakech",308
"/location/bel-appartement-de-2-chambres-a-louer-en-longue-duree","/louer/bel-appartement-de-2-chambres-a-louer-en-longue-duree",308
"/location/bel-appartement-de-2-chambres-a-louer-dans-une-residence-securisee","/louer/bel-appartement-de-2-chambres-a-louer-dans-une-residence-securisee",308
"/programme/villas-haut-standing-jumelees-et-isolees-avec-lagon-dexception-route-damizmiz-a-8-min-du-morocco-mall","/acheter/villas-haut-standing-jumelees-et-isolees-avec-lagon-dexception-route-damizmiz-a-8-min-du-morocco-mall",308
"/programme/magnifiques-appartements-et-duplex-a-vendre-victor-hugo-a-partir-de","/acheter/magnifiques-appartements-et-duplex-a-vendre-victor-hugo-a-partir-de",308
"/programme/villas-r2-finies-a-vendre-domaine-residentiel-premium-a-marrakech-a-partir-5-200-000-dhs","/acheter/villas-r2-finies-a-vendre-domaine-residentiel-premium-a-marrakech-a-partir-5-200-000-dhs",308
"/programme/124541-2","/acheter/124541-2",308
"/programme/appartements-duplex-et-riads-avec-bassin-prive-a-vendre-a-lhivernage","/acheter/appartements-duplex-et-riads-avec-bassin-prive-a-vendre-a-lhivernage",308
"/programme/villas-dexception-r1-4-suites-vue-atlas-route-de-lourika-a-partir-de-6-300-000-dhs","/acheter/villas-dexception-r1-4-suites-vue-atlas-route-de-lourika-a-partir-de-6-300-000-dhs",308
"/programme/villas-dexception-plain-pied-3-suites-vue-atlas-route-de-lourika-a-partir-de-5-500-000-dhs","/acheter/villas-dexception-plain-pied-3-suites-vue-atlas-route-de-lourika-a-partir-de-5-500-000-dhs",308
"/programme/villas-neuves-4-chambres-a-vendre-route-de-tahannaout-a-partir-de-4-800-000-dhs","/acheter/villas-neuves-4-chambres-a-vendre-route-de-tahannaout-a-partir-de-4-800-000-dhs",308
"/programme/locaux-commerciaux-neufs-a-vendre-a-targa-marrakech","/acheter/locaux-commerciaux-neufs-a-vendre-a-targa-marrakech",308
"/programme/studios-neufs-a-vendre-a-targa-marrakech-a-partir-de-595-000-mad","/acheter/studios-neufs-a-vendre-a-targa-marrakech-a-partir-de-595-000-mad",308
"/programme/appartements-et-duplex-modernes-neufs-a-vendre-au-coeur-de-targa-a-partir-de-645-000","/acheter/appartements-et-duplex-modernes-neufs-a-vendre-au-coeur-de-targa-a-partir-de-645-000",308
"/programme/villas-neuves-avec-piscine-a-vendre-route-damizmiz-a-partir-de-2-400-000-dh","/acheter/villas-neuves-avec-piscine-a-vendre-route-damizmiz-a-partir-de-2-400-000-dh",308
"/programme/villas-de-luxe-avec-vue-atlas-a-vendre-route-de-lourika-a-partir-de-4-800-000-dhs","/acheter/villas-de-luxe-avec-vue-atlas-a-vendre-route-de-lourika-a-partir-de-4-800-000-dhs",308
"/programme/a-vendre-projet-de-villas-de-prestige-avec-vue-sur-latlas","/acheter/a-vendre-projet-de-villas-de-prestige-avec-vue-sur-latlas",308
"/programme/studios-premium-a-vendre-route-de-fes-a-partir-de-760-000-dhs","/acheter/studios-premium-a-vendre-route-de-fes-a-partir-de-760-000-dhs",308
"/programme/appartements-de-prestige-a-vendre-route-de-fes-a-partir-de-1-100-000-dhs","/acheter/appartements-de-prestige-a-vendre-route-de-fes-a-partir-de-1-100-000-dhs",308
"/programme/villas-haut-standing-de-prestige-3-a-4-suites-a-vendre","/acheter/villas-haut-standing-de-prestige-3-a-4-suites-a-vendre",308
"/programme/villas-de-luxe-a-vendre-a-marrakech-a-deux-pas-du-palais-selman-marrakech","/acheter/villas-de-luxe-a-vendre-a-marrakech-a-deux-pas-du-palais-selman-marrakech",308
"/programme/villas-de-luxe-route-de-lourika-prix-exclusif","/acheter/villas-de-luxe-route-de-lourika-prix-exclusif",308
"/programme/villas-haut-standing-avec-piscine-privee-et-vue-atlas","/acheter/villas-haut-standing-avec-piscine-privee-et-vue-atlas",308
"/programme/appartements-de-luxe-a-5-min-de-gueliz","/acheter/appartements-de-luxe-a-5-min-de-gueliz",308
"/programme/programme-neuf-de-villas-plain-pied-a-vendre-a-partir","/acheter/programme-neuf-de-villas-plain-pied-a-vendre-a-partir",308
"/programme/appartements-a-vendre-au-sein-dun-hotel-4-etoiles-a-marrakech-entierement-equipes-et-prets-a-lemploi","/acheter/appartements-a-vendre-au-sein-dun-hotel-4-etoiles-a-marrakech-entierement-equipes-et-prets-a-lemploi",308
"/programme/studios-et-appartements-a-vendre-en-cours-de-construction","/acheter/studios-et-appartements-a-vendre-en-cours-de-construction-programme-neuf",308
"/programme/villas-neuves-de-4-chambres-de-haut-standing-proche-des-golfs","/acheter/villas-neuves-de-4-chambres-de-haut-standing-proche-des-golfs",308
"/programme/villas-dans-une-exceptionnelle-residence-ultra-moderne-privee-et-cloturee","/acheter/villas-dans-une-exceptionnelle-residence-ultra-moderne-privee-et-cloturee",308
"/programme/tres-beau-projet-immobilier-compose-de-villas-de-luxe-situe-a-20-mn-de-marrakech","/acheter/tres-beau-projet-immobilier-compose-de-villas-de-luxe-situe-a-20-mn-de-marrakech",308
"/programme/domaine-prive-de-5-hectares-30-villas-avec-un-ex-dune-dentre-elles-de-4-chambres","/acheter/domaine-prive-de-5-hectares-30-villas-avec-un-ex-dune-dentre-elles-de-4-chambres",308
"/programme/villas-de-haut-standing-a-vendre-a-proximite-de-marrakech","/acheter/villas-de-haut-standing-a-vendre-a-proximite-de-marrakech",308
"/programme/superbe-programme-dappartements-neuf-au-coeur-de-marrakech","/acheter/superbe-programme-dappartements-neuf-au-coeur-de-marrakech",308
"/programme/belle-villa-contemporaine-de-4-chambres-a-vendre-a-proximite-de-marrakech","/acheter/belle-villa-contemporaine-de-4-chambres-a-vendre-a-proximite-de-marrakech",308
"/programme/villas-contemporaines-proche-marrakech","/acheter/villas-contemporaines-proche-marrakech",308
"/programme/superbe-villa-neuve-de-3-chambres-de-style-kasbah-a-vendre-a-proximite-de-marrakech","/acheter/superbe-villa-neuve-de-3-chambres-de-style-kasbah-a-vendre-a-proximite-de-marrakech",308
"/programme/programme-neuf-de-duplex-et-appartements-de-standing-a-marrakech","/acheter/programme-neuf-de-duplex-et-appartements-de-standing-a-marrakech",308
"/programme/villas-de-luxe-de-3-a-5-chambres-a-vendre-dans-un-prestigieux-domaine-a-marrakech","/acheter/villas-de-luxe-de-3-a-5-chambres-a-vendre-dans-un-prestigieux-domaine-a-marrakech",308
